FilePath,ID,AuthorsNote,StrideSpeed,StrideLengthFR,StepLengthFR,StepWidthFR,StrideLengthFL,StepLengthFL,StepWidthFL,StrideLengthBR,StepLengthBR,StepWidthBR,StrideLengthBL,StepLengthBL,StepWidthBL,TemporalSymmetryF,TemporalSymmetryB,DutyFactorF,DutyFactorB,AngularVelocity,NoseLateralDisplacementBR,NoseLateralDisplacementPhaseOffsetBR,TailLateralDisplacementBR,TailLateralDisplacementPhaseOffsetBR
1715\1715_20260305_2026-03-05-140706-0000DLC_resnet50_Wheel Running ProjectAug6shuffle1_100000_filtered.csv,1715,Training video,1.306565497,0.0457871330341688,0.212027655509618,0.118378523158886,0.0415254442480362,0.2109102258877,0.11070093590727,0.0496572826347291,0.559272819739183,0.0986410114518466,0.0330514197927472,0.55955792585073,0.0896180066633525,-0.019481618,-0.008760919,57.43487519,56.31595088,-1.23e-06,0.00537527442252244,0.52657737,0.0491505287879933,0.527643095
1715\1715_20260306_2026-03-06-123843-0000DLC_resnet50_Wheel Running ProjectAug6shuffle1_100000_filtered.csv,1715,Training video,1.284917286,0.0501033727199884,0.214032415091118,0.113375919204454,0.0393304731415448,0.212326501815663,0.100958832386802,0.0497880965469261,0.512005477572889,0.0956695929937138,0.0351953114908954,0.518376584252689,0.0822162389136885,-0.025818621,-0.005544927,57.51728803,56.032271,3.62947739960998e-07,0.00689005989180375,0.518818561,0.0487505796662081,0.520552785
1715\1715_20260303_2026-03-03-133957-0000DLC_resnet50_Wheel Running ProjectAug6shuffle1_100000_filtered.csv,1715,Training video,0.226115982,0.00485562344457299,0.173954980589654,0.163223999230583,0.00649162195359865,0.174307920125595,0.165487896539271,0.0540125954629425,0.302369787041814,0.168359191159069,0.00375674034059378,0.30059743234791,0.185026093835294,0.008374665,0.010761832,56.53153153,57.00496415,-2.65e-06,0.00186598958508738,0.534232903,0.0186046456157469,0.531413751
1715\1715_20260302_2026-03-02-141323-0000DLC_resnet50_Wheel Running ProjectAug6shuffle1_100000_filtered.csv,1715,Training video,0.309204141,0.00763508683549329,0.15260197332723,0.274819988566066,0.0115505779359173,0.152858535045731,0.279964761281106,0.07021650635171,0.138095335888136,0.291536037113077,0.00880823224415682,0.135283040547708,0.308280503646547,0.00419798,0.016260524,57.57650908,57.81821412,1.8019143953773e-07,0.00231651636407193,0.530303663,0.0663707419667095,0.524400152
1715\1715_20260304_2026-03-04-131724-0000DLC_resnet50_Wheel Running ProjectAug6shuffle1_100000_filtered.csv,1715,Training video,0.545313288,0.0125910065805442,0.191507934151889,0.0593949019748826,0.0157619482360867,0.191148062973971,0.0646596052162706,0.014950356959159,0.594251036985849,0.0871731885743944,0.00924839432422796,0.592914770124679,0.0876396251191109,0.011636003,-0.003721833,57.26235398,57.92865892,2.46569474454251e-07,0.00259986260935511,0.53211384,0.0129435232157997,0.541933104
1715\1715_20260312_2026-03-12-184551-0000DLC_resnet50_Wheel Running ProjectAug6shuffle1_100000_filtered.csv,1715,60 DPI,0.6131183,0.0205951059245165,0.149570662145598,0.105551874385098,0.0229641323427102,0.1450394700919,0.113169515915175,0.0369850903856844,0.339755136526297,0.109892298796733,0.0133049811519082,0.343495893535222,0.118309894878091,-0.001045114,0.005872786,60.60564931,60.54230949,-5.6e-07,0.00164487828046115,0.529990405,0.0297078299531171,0.530977586
1716\1716_20260302_2026-03-02-144302-0000DLC_resnet50_Wheel Running ProjectAug6shuffle1_100000_filtered.csv,1716,Training video,0.361187203,0.00859957862554213,0.251886324457256,0.142151042493758,0.0115105207811504,0.252001422744383,0.143439228205917,0.012095216759352,0.62260605241276,0.121821205789949,0.00767306493444259,0.624762677413895,0.12181126493868,-0.001493901,-0.012033353,56.46327266,56.37892213,-6.17e-07,0.00204142996171165,0.526809758,0.0176558462854067,0.528563022
1716\1716_20260303_2026-03-03-140644-0000DLC_resnet50_Wheel Running ProjectAug6shuffle1_100000_filtered.csv,1716,Training video,0.989078059,0.031121823185837,0.274391122891957,0.0997778709927834,0.0328813649720124,0.274974804804888,0.104525606955688,0.0352640203009485,0.555167257791598,0.113265246650347,0.0193431894439452,0.554320181250257,0.111023372677645,-0.006092407,-0.008373574,58.974856,58.61555716,-2.78e-06,0.00302441645267211,0.519871819,0.0318637960056089,0.510206721
1716\1716_20260304_2026-03-04-133836-0000DLC_resnet50_Wheel Running ProjectAug6shuffle1_100000_filtered.csv,1716,Training video,1.733908746,0.0596265036830673,0.289101669066098,0.100729179140363,0.0636354438390675,0.288171302975399,0.11502547553617,0.0697263092829633,0.495222015159245,0.106581802479335,0.0357211176921779,0.489170817143215,0.105855552264763,-0.006543893,-0.009507604,61.02141232,60.62209475,7.50161706517843e-07,0.0057543464493992,0.514435723,0.0692550927143917,0.496417219
1716\1716_20260305_2026-03-05-144641-0000DLC_resnet50_Wheel Running ProjectAug6shuffle1_100000_filtered.csv,1716,Training video,3.274239427,0.114642216824535,0.241912340370717,0.116922175418718,0.155017711851213,0.236063641565438,0.139792413552497,0.198170484406629,0.388751054998078,0.0833301682204655,0.0894599853937164,0.367059862771205,0.128168306628492,-0.001635386,-0.019380286,58.66098062,58.56504729,-2.67e-06,0.0102125234755739,0.508714912,0.190283148195311,0.495795421
1716\1716_20260306_2026-03-06-131506-0000DLC_resnet50_Wheel Running ProjectAug6shuffle1_100000_filtered.csv,1716,Training video,1.69007291,0.0518088743911018,0.231170766466984,0.089108494462111,0.063305630853291,0.229678787070784,0.10770375386684,0.0649312914483192,0.496502467049752,0.0880368275382887,0.032609941029118,0.484065569776228,0.0951095843581805,0.007082663,-0.018487618,60.80542067,61.23608496,9.75139285543335e-07,0.00619476654581763,0.522479603,0.0640046016161652,0.475396073
1716\1716_20260313_2026-03-13-151617-0000DLC_resnet50_Wheel Running ProjectAug6shuffle1_100000_filtered.csv,1716,60 DPI,0.59642346,0.0143284744522759,0.186736561328123,0.12456699174109,0.0197409360424312,0.18497456300092,0.132993880160586,0.0357061649856466,0.410958795495785,0.172537367738213,0.0130366114095643,0.405841021683459,0.169323516535656,0.029064715,0.03501742,58.32638717,60.02162698,1.1049545533554e-06,0.00143913452623964,0.530941747,0.0241648788819234,0.502350677
1777\1777_20260413_2026-04-13-140813-0000DLC_resnet50_Wheel Running ProjectAug6shuffle1_100000_filtered.csv,1777,Training video,0.492958832,0.00946239033848967,0.219429173873065,0.0846142958013391,0.0113697915042062,0.218247352830852,0.087644062317275,0.0109898788928066,0.532764179251894,0.0738306402129257,0.00728097387802388,0.531698307687855,0.0758808313028673,0.014869326,-0.008925374,57.02005506,57.86790485,-9.8e-07,0.00109641802136121,0.528283586,0.0123912236956357,0.526246486
1777\1777_20260414_2026-04-14-144132-0000DLC_resnet50_Wheel Running ProjectAug6shuffle1_100000_filtered.csv,1777,Training video,0.36680195,0.00706386649543601,0.231997042512082,0.0631080421174559,0.00736500265658459,0.232082551379462,0.0622380785181761,0.00754298873498857,0.553964858294881,0.0590070891258901,0.00537188181516906,0.554189382204404,0.0598031550822875,0.007927312,-0.00963177,57.47031737,57.92590252,-2.12e-06,0.000909040725167229,0.530143256,0.00795768023350102,0.529676431
1777\1777_20260415_2026-04-15-144353-0000DLC_resnet50_Wheel Running ProjectAug6shuffle1_100000_filtered.csv,1777,Training video,0.549200225,0.01048487624285,0.216869890071647,0.0762656837202362,0.0131382363638713,0.216639052806227,0.0784257523290435,0.0134617966951694,0.577766032405175,0.101345858727196,0.00913460718712629,0.576267979145712,0.0997782423175356,0.030119466,-0.008831187,58.35339177,60.11096477,-3.32e-07,0.00134831997863512,0.536246616,0.00973931963822688,0.53746186
1777\1777_20260416_2026-04-16-131737-0000DLC_resnet50_Wheel Running ProjectAug6shuffle1_100000_filtered.csv,1777,Training video,1.120250341,0.0311086199547157,0.221327609250511,0.094429431360064,0.0397144514908791,0.219642597246468,0.101191478362739,0.0385808548349943,0.531040671642059,0.0806623620548446,0.0250081896328233,0.524824337283994,0.0859521661026887,0.042890227,-0.011367996,61.3905718,64.02362736,5.11998250414556e-07,0.0019150269193692,0.528199512,0.0366914056661645,0.522302571
1777\1777_20260417_2026-04-17-160001-0000DLC_resnet50_Wheel Running ProjectAug6shuffle1_100000_filtered.csv,1777,Training video,1.760981728,0.0672418590317726,0.212105596772953,0.10724698075433,0.0818470849992665,0.209233446439999,0.114478643323967,0.0884329548303928,0.54543674270079,0.11255938920665,0.0537607279079655,0.534745105759894,0.113438931104053,0.050448728,-0.02034012,63.08905821,66.27182093,-1.05e-06,0.00515666798482014,0.523884104,0.118299013703147,0.542588363
1777\1777_20260421_2026-04-21-164851-0000DLC_resnet50_Wheel Running ProjectAug6shuffle1_100000_filtered.csv,1777,60 DPI,0.940246448,0.0255806977357301,0.16879779257953,0.0985809449801586,0.0246762039339191,0.170452935990341,0.0969963613479656,0.0398962416638045,0.410464057302362,0.0862521257435783,0.0168056745671975,0.408735044077945,0.100067171354681,0.014886675,-0.012684206,60.62181084,61.52426801,-1.2e-06,0.00134320197085507,0.522473724,0.0221134676011482,0.528823584
1715\1715_20260617_2026-06-17-191801-0000DLC_resnet50_Wheel Running ProjectAug6shuffle1_100000_filtered.csv,1715,150 DPI,0.630209994,0.0457056649665159,0.228996938791856,0.200422642427506,0.0505339157563774,0.234438340201657,0.188341703748519,0.0759832637106801,0.299638856084236,0.17910583633569,0.036786028742311,0.314957437932041,0.185137396845258,-0.010776815,-0.047006085,63.13708333,62.45666667,-3.72e-06,0.0139189926401311,0.522504604,0.112503713623516,0.524568586
1716\1716_20260616_2026-06-16-154859-0000DLC_resnet50_Wheel Running ProjectAug6shuffle1_100000_filtered.csv,1716,150 DPI,0.057938054,0.00126172967650793,0.13752329098426,0.0798967838985218,0.0216956736589311,0.142107090396828,0.0896558317875556,0.0437620116986583,0.419963903870935,0.225844515695771,0.00126141235894606,0.425000030420424,0.237869303983726,-0.014439962,0.006131353,57.42166667,56.5925,4.85884557662229e-07,0.000920671066572623,0.524896152,0.00869689814934783,0.508837844
1777\1777_20260723_2026-07-23-152056-0000DLC_resnet50_Wheel Running ProjectAug6shuffle1_100000_filtered.csv,1777,150 DPI,0.089026951,0.00283446919248145,0.250544588498312,0.1148480175831,0.0065236798385683,0.250653676550121,0.113140891318937,0.00265080148360973,0.279747902085064,0.174831411301044,0.0164188651965718,0.278949677535828,0.175322049165205,-0.005084637,-0.028460651,58.26375,57.9675,-1.17e-07,0.000599784740624686,0.53475989,0.00722600088628191,0.531721122
1777\1777_20260723_2026-07-23-152056-0000DLC_resnet50_Wheel Running ProjectAug6shuffle1_100000_filtered.csv,1777,LDOPA,0.582738394,0.0208108385246649,0.21729497310059,0.135528538223088,0.0299381700468287,0.213737726612176,0.144236350098782,0.117375081614446,0.551324307991289,0.333156271416646,0.0154592409152536,0.546374584926767,0.351368434069615,0.02015428,0.047039465,66.38319681,67.72110232,2.55373085295024e-06,0.00169060228005051,0.524241789,0.0412441071978136,0.521750891
1716\1716_20260616_2026-06-16-154859-0000DLC_resnet50_Wheel Running ProjectAug6shuffle1_100000_filtered.csv,1716,LDOPA,0.760696639,0.0278531879087448,0.248556216937376,0.125326433167385,0.0388103111186546,0.259315490742213,0.13176385569888,0.0234369080301368,0.520243915929967,0.129224720051932,0.013708396614952,0.523821104776782,0.122271500644835,-0.044103604,0.000164133,63.26905609,60.47866268,-2.06e-06,0.00423272158550237,0.521254181,0.0569754274523563,0.525759172
1715\1715_20260617_2026-06-17-191801-0000DLC_resnet50_Wheel Running ProjectAug6shuffle1_100000_filtered.csv,1715,LDOPA,0.821287596,0.0625506721971731,0.233499444375636,0.259924484140389,0.0561634491033063,0.236336426965876,0.23146813379105,0.109329782014531,0.314558396717211,0.183356254568605,0.0497522219220394,0.344586947378116,0.189635102081336,-0.021477345,-0.063660493,66.32903059,64.90445913,-2.52e-05,0.0211720814025277,0.517484092,0.168447446365268,0.532529839
1559\1559_20250710_2025-07-10-115337-0000DLC_resnet50_Wheel_runningJul16shuffle1_100000_filtered.csv,1559,Training video,0.157252611,0.00326108100856508,0.188522551066883,0.0559346228936421,0.00256610688113165,0.188367360674116,0.0544463229309424,0.00238312679898277,0.534204905211529,0.161676774907867,0.00224162986132337,0.534165853730095,0.16274417619942,-0.004775589,-0.008981285,57.89038013,57.61391947,-1.79e-06,0.00137762938642335,0.53011559,0.00285067218989248,0.530265992
1559\1559_20250715_2025-07-15-123041-0000DLC_resnet50_Wheel_runningJul16shuffle1_100000_filtered.csv,1559,Training video,0.915431713,0.0402865755032979,0.184660730431095,0.105053514138172,0.0307515810738893,0.180485830993252,0.0978834287748158,0.0346993101082887,0.49338238395664,0.110627249911776,0.0163642412631682,0.491786932872379,0.121728306350315,-0.041302664,-0.002705503,60.47060154,57.97300463,-3.65e-08,0.0245500215378253,0.527677193,0.0158144804748745,0.516721856
1559\1559_20250714_2025-07-14-111408-0000DLC_resnet50_Wheel_runningJul16shuffle1_100000_filtered.csv,1559,Training video,0.727752052,0.0269642658194151,0.203179336031726,0.0797158020549621,0.0185097221595557,0.200998002537708,0.0753925363309502,0.0210986757518457,0.511726703934004,0.100064415871393,0.0118430681692639,0.508444748413405,0.106109839534198,-0.017750463,-0.000674755,57.7356168,56.71078286,-1.04e-05,0.0218945586887469,0.525584615,0.0120838704971857,0.516792702
1559\1559_20250709_2025-07-09-122508-0000DLC_resnet50_Wheel_runningJul16shuffle1_100000_filtered.csv,1559,Training video,0.227625301,0.00611007442339922,0.192329545054684,0.0811254092787385,0.0050054505337392,0.192343856642856,0.0801401058145865,0.00495089455519253,0.542585302625197,0.126258853745506,0.00352400920569957,0.54297101173429,0.125963395736708,-0.007028708,-0.00763233,56.28511406,55.88950241,7.3814082018466e-07,0.00188430639500167,0.531253898,0.00768857350228355,0.531812374
1559\1559_20250713_2025-07-13-130845-0000DLC_resnet50_Wheel_runningJul16shuffle1_100000_filtered.csv,1559,Training video,0.581695442,0.0186186977406858,0.189528704530171,0.0718166469834857,0.0134752358741731,0.187130114662983,0.0685847150588142,0.0151900514057159,0.462580096221932,0.0927363464968442,0.00837481598883612,0.461136736154036,0.0973067248119327,-0.008900782,-0.004534458,58.32416093,57.80503031,-5.67e-07,0.00729652355304536,0.529277005,0.00794342062596838,0.520512347
1559\1559_20250711_2025-07-11-115857-0000DLC_resnet50_Wheel_runningJul16shuffle1_100000_filtered.csv,1559,Training video,0.416381498,0.0121442740007108,0.210360774339962,0.051331366168577,0.010913545059187,0.210900368242738,0.0516062750143075,0.0102771663508332,0.494120054282346,0.10714625977541,0.00626872760676318,0.494731814099356,0.110470154402818,-0.00482229,-0.006776445,57.19615246,56.92033605,-9.04e-07,0.0098111137817238,0.533849184,0.0077148379071312,0.525987918
1559\1559_20250716_2025-07-16-154556-0000DLC_resnet50_Wheel_runningJul16shuffle1_100000_filtered.csv,1559,60 DPI,0.13693793,0.00682746164066888,0.182321851803376,0.136969536784053,0.0140138749044143,0.184403296573952,0.137170299337456,0.0033150527729971,0.547349147171087,0.134795700666955,0.00200695550671085,0.547017154949362,0.134653670366458,-0.014097298,-0.007446886,53.92906336,53.16880931,1.82903486844821e-05,0.00780398618480183,0.534922664,0.00220424843494997,0.530815683
1559\1559_20250712_save_2025-07-12-155601_h.264DLC_resnet50_Wheel_runningJul16shuffle1_100000_filtered.csv,1559,Training video,0.410836351,0.0140268821565302,0.181905918404681,0.0639046179258963,0.0118976947423224,0.182648804272006,0.0639476728917922,0.0121958126304527,0.459503145025585,0.112482714309608,0.0059468614906264,0.460555139909125,0.114029710830654,-0.00729059,-0.013235729,56.45938807,56.04776579,-7.62e-08,0.00594122142350186,0.524103879,0.0108181694974829,0.508926419
1560\1560_20250712_2025-07-12-172744DLC_resnet50_Wheel_runningJul16shuffle1_100000_filtered.csv,1560,Training video,0.342577351,0.0136696078342885,0.201421533279035,0.0951475559517283,0.015486557199826,0.201077288916365,0.0974435027977569,0.0123285136266368,0.486023886337552,0.130333221061648,0.0063452313514867,0.493763456493219,0.128774618448279,-0.007507335,-0.011394813,56.64165476,56.21642686,9.68791001447091e-07,0.0144098584245439,0.53796828,0.012555342929536,0.514066132
1560\1560_20250709_2025-07-09-125003-0000DLC_resnet50_Wheel_runningJul16shuffle1_100000_filtered.csv,1560,Training video,0.294352103,0.0153212460975179,0.246258332408724,0.246056278575522,0.0190331653236841,0.245646239421071,0.240233394196047,0.0244535643797253,0.569681305675348,0.268477220502461,0.0193505224591563,0.577537823351329,0.275024737181994,0.006339394,-0.013109202,51.91064032,52.23972233,-2.7e-06,0.00896547285469881,0.536265306,0.063593120937466,0.532408729
1560\1560_20250714_2025-07-14-114322-0000DLC_resnet50_Wheel_runningJul16shuffle1_100000_filtered.csv,1560,Training video,0.898778281,0.0466317947893747,0.268028672417127,0.13725077958612,0.0386465250661679,0.266067586130947,0.126476922241955,0.03422369286232,0.64229676433613,0.158217679533831,0.0139349124376111,0.639965815442755,0.153130881352561,-0.003368384,-0.00054415,60.3879225,60.18451281,-4.12e-07,0.0554739217423671,0.527812911,0.0177759308092296,0.518789049
1560\1560_20250710_2025-07-10-121927-0000DLC_resnet50_Wheel_runningJul16shuffle1_100000_filtered.csv,1560,Training video,0.100797854,0.00778602646153781,0.201495794788006,0.207073318424466,0.00390387173838881,0.201331657407329,0.209205290866595,0.0332575236302873,0.317396978137823,0.278313201724506,0.00816276484346932,0.326118325545954,0.284750360222217,-0.003743919,0.006433936,55.60621439,55.39802923,5.28960264600231e-06,0.0105607699057335,0.54069006,0.035480261965398,0.521204158
1560\1560_20250711_2025-07-11-122622-0000DLC_resnet50_Wheel_runningJul16shuffle1_100000_filtered.csv,1560,Training video,0.159882665,0.0125374154114425,0.187054865350683,0.17081947604289,0.0110039476742082,0.184099398723647,0.178122453478978,0.0079173612210773,0.332936607583561,0.283208104825916,0.00617480811902383,0.343464863379625,0.276986090503282,0.00335074,-7.03e-05,55.96051756,56.14802669,4.22935404733344e-06,0.0117734402291677,0.545352484,0.0252560610776962,0.513761291
1560\1560_20250715_2025-07-15-125758-0000DLC_resnet50_Wheel_runningJul16shuffle1_100000_filtered.csv,1560,Training video,0.091091198,0.027414728580451,0.451996079014298,0.220621249870884,0.0222837406674004,0.449860604685771,0.222974692709424,0.011474003275713,1.6096345632347,0.264429126930254,0.00882029808289391,1.61368836462656,0.266525884178302,0.012798722,0.006931466,28.69305662,29.06029108,2.37157228511884e-06,0.0701240712907464,0.536493903,0.00943700244051797,0.541050245
1560\1560_20250713_2025-07-13-155015-0000DLC_resnet50_Wheel_runningJul16shuffle1_100000_filtered.csv,1560,Training video,0.559856875,0.0246533967408478,0.237192264035507,0.0982723830150166,0.022459246742707,0.236723766619289,0.0935292189921555,0.0174788237059463,0.557854812731465,0.146146857386795,0.0082850863478631,0.559400192375386,0.143733187027494,-0.008817656,-0.010337444,59.05669191,58.53595032,2.56301854683374e-06,0.024177238248087,0.52575789,0.0125580686074952,0.530354248
1560\1560_20250717_2025-07-17-145702-0000DLC_resnet50_Wheel_runningJul16shuffle1_100000_filtered.csv,1560,60 DPI,0.052821539,0.00264620211976892,0.151290007795887,0.110882030998251,0.00666627571975237,0.157064865945707,0.115015736307305,0.00172345625430628,0.44818226478001,0.15451097947271,0.0017534935574467,0.454334901408927,0.157199215635678,6.77144346861466e-06,-0.012297879,60.06776379,60.06817054,5.11271548435036e-07,0.00604001866483461,0.533807376,0.00126863143633847,0.554767823
1560\1560_20250717B_2025-07-17-152157-0000DLC_resnet50_Wheel_runningJul16shuffle1_100000_filtered.csv,1560,60 DPI,0.260023837,0.012836486063683,0.146079414208894,0.0735815791830457,0.0151361659404331,0.150453659468985,0.0799728031465124,0.00787424907192281,0.516233990887575,0.138726327516422,0.0113926033993353,0.51246511850955,0.142240455560107,0.001108864,0.000551978,60.08857882,60.1552089,-2.62e-05,0.0053533284312821,0.526272797,0.00822658066461885,0.522151974
1563\1563_20250709_2025-07-09-131751-0000DLC_resnet50_Wheel_runningJul16shuffle1_100000_filtered.csv,1563,Training video,0.110280284,0.0040825804499557,0.217439042292986,0.232189935825683,0.0046312621788661,0.218614513792664,0.229410950400643,0.00858577348173339,0.477538174814293,0.365888322455486,0.00690101139028188,0.483500748794383,0.366979181802305,-0.003349206,-0.004441457,52.88157239,52.70446112,-4.4e-07,0.00170550663837184,0.530917074,0.0333709590085732,0.536898921
1563\1563_20250712_2025-07-12-180436-0000DLC_resnet50_Wheel_runningJul16shuffle1_100000_filtered.csv,1563,Training video,0.152272277,0.0146696978082015,0.135878941977071,0.242589088411391,0.0185227490757541,0.13905421154318,0.251714156620492,0.00797696447977437,0.68027164013865,0.179588380715439,0.00381795015306321,0.682248528987373,0.182611672568615,0.006949481,0.021043528,58.14596161,58.55004585,-7.37e-07,0.00337142237692751,0.53637978,0.00464060543163616,0.531716334
1563\1563_20250715_2025-07-15-144957-0000DLC_resnet50_Wheel_runningJul16shuffle1_100000_filtered.csv,1563,Training video,0.166930301,0.00809452351364136,0.199086726422128,0.209597114241374,0.00542640354452757,0.199539841904968,0.215143776789435,0.00471588089924462,0.633583905733088,0.153144908674533,0.00269442021442877,0.632368738373187,0.155146855228929,0.01917878,0.005909511,56.08824744,57.16395161,-6.41e-06,0.0328733097835445,0.526903872,0.00302222268595466,0.536585865
1563\1563_20250714_2025-07-14-121434-0000DLC_resnet50_Wheel_runningJul16shuffle1_100000_filtered.csv,1563,Training video,0.154759835,0.00520597659446593,0.168501030959301,0.1947535527019,0.00459263249662326,0.168283255326378,0.196624607526179,0.00380358175098218,0.545297372095353,0.190224810700989,0.00229458664897614,0.545588082177012,0.187504196157083,0.008524675,0.02242409,56.60105244,57.08355804,-1.26e-06,0.0131996954968334,0.534940861,0.00480302394418205,0.514481569
1563\1563_20250717_2025-07-17-103920-0000DLC_resnet50_Wheel_runningJul16shuffle1_100000_filtered.csv,1563,Training video,0.11278993,0.00437664413760757,0.143367374503093,0.0383910550537351,0.0035433132403692,0.143356424163369,0.0388172229930353,0.00173274153544096,0.422215739072634,0.0835739172626299,0.00156915100054241,0.422303875298279,0.0827304931729494,0.00419221,-0.002287568,55.2470613,55.4786686,-8.32e-07,0.0021602174384348,0.535083522,0.002920778444926,0.551235205
1563\1563_20250711_2025-07-11-130041-0000DLC_resnet50_Wheel_runningJul16shuffle1_100000_filtered.csv,1563,Training video,0.116163721,0.00505154115375638,0.112302447609833,0.308193859143921,0.00394731377559603,0.111969560914374,0.312233745367815,0.021774321574207,0.473426649807548,0.274513237414666,0.00201062911117762,0.476460627282713,0.280968769078479,-0.002358322,0.017355424,57.61022532,57.47436185,4.91961250654851e-06,0.004809394396647,0.53654068,0.011637835999789,0.532819129
1563\1563_20250713_2025-07-13-164223-0000DLC_resnet50_Wheel_runningJul16shuffle1_100000_filtered.csv,1563,Training video,0.138501401,0.0110079468847953,0.184477582405769,0.310433867295077,0.00804841731786615,0.182161391043204,0.315458222850874,0.0151275394748412,0.570334142325445,0.409912807910262,0.00259380073131924,0.571470626918031,0.414092355201637,0.000150567,0.022871964,56.6451893,56.65371822,-4.99e-07,0.0417886226300261,0.52933257,0.00443885234815368,0.518997429
1563\1563_20250710_2025-07-10-143307-0000DLC_resnet50_Wheel_runningJul16shuffle1_100000_filtered.csv,1563,Training video,0.060073976,0.00384872362435935,0.231084496432529,0.243773727947145,0.00357823087222206,0.229319244244037,0.247211788213039,0.0028202018019154,0.590684774333325,0.242750522091111,0.00232170513864087,0.604803004592956,0.239662891631224,0.011045212,0.00511157,55.63046909,56.24491943,-2.59e-06,0.00176145682535119,0.534934112,0.0160219296895203,0.540336892
1563\1563_20250716_2025-07-16-121443-0000DLC_resnet50_Wheel_runningJul16shuffle1_100000_filtered.csv,1563,Training video,0.160739856,0.0105384127765421,0.271207270862631,0.119295394988297,0.00755569394576761,0.266321114334024,0.12555299990018,0.00413579444083429,0.74389551209055,0.0967043299031245,0.00293285559949176,0.742565423364617,0.0981235756814643,0.006829042,-0.008756589,56.30255457,56.68704707,4.4548583974345e-07,0.0517391785282107,0.522196803,0.0044337367500993,0.545310172
1563\1563_20250721_2025-07-21-145127-0000DLC_resnet50_Wheel_runningJul16shuffle1_100000_filtered.csv,1563,60 DPI,0.108720126,0.00172923623648277,0.168184910337303,0.103714168355977,0.00308615850029447,0.16942027287027,0.108074053493839,0.00163781880020467,0.650730723660562,0.0652198004311516,0.00161129883585571,0.649002862672375,0.0654066430966209,-0.014467843,-0.014365306,64.79774081,63.86025729,-9.07e-07,0.00118047863997017,0.530904452,0.00187291679908077,0.521431894
1563\1563_20250721B_2025-07-21-151745-0000DLC_resnet50_Wheel_runningJul16shuffle1_100000_filtered.csv,1563,60 DPI,0.41988023,0.00949589820966873,0.128537375202366,0.121478277029105,0.0192836518604301,0.133841470457707,0.129464425524466,0.0135779532663915,0.530906675643465,0.0939804873251591,0.00766135961858338,0.531937532600825,0.0939678724786779,-0.001894884,-8.97e-05,62.95005807,62.83077503,-3.9e-07,0.00165131565571916,0.525401263,0.00634059624583912,0.52154091
1576\1576_20260629B_2025-06-29-193339-0000DLC_resnet50_Wheel_runningJul16shuffle1_100000_filtered.csv,1576,Training video,0.122113664,0.00438616442782034,0.166072923341366,0.0892123068570818,0.00430888739206169,0.166053454609269,0.0917546031673278,0.00276724230999427,0.550691001113993,0.082723044719288,0.00228980916668808,0.551163472121956,0.082232018581091,0.01321788,0.005805641,58.22554606,58.99516436,-9.09e-07,0.00130897673643664,0.530884737,0.00243774468475477,0.538090961
1576\1576_20260629A_2025-06-29-133605-0000DLC_resnet50_Wheel_runningJul16shuffle1_100000_filtered.csv,1576,Training video,0.100078051,0.0038774333395252,0.192649753976969,0.0958693085447862,0.00370245810243406,0.192102518158418,0.0978568732475188,0.00227965118455753,0.525389571264027,0.12308304227092,0.00175798606826395,0.526829197766334,0.122601431108126,0.017912364,0.00252497,56.56850173,57.58177735,-1.31e-07,0.00134745705304271,0.530120978,0.00197891848746344,0.535806722
1576\1576_20260628_2025-06-28-160635-0000DLC_resnet50_Wheel_runningJul16shuffle1_100000_filtered.csv,1576,Training video,0.3048835,0.0089172877556519,0.217350549046351,0.110930367410108,0.0121531532185591,0.215908801838528,0.113799444311787,0.0117540183154936,0.504322138804541,0.148306234383495,0.0074083250336428,0.505388887418008,0.14939689677844,0.019000372,0.005040517,61.25968698,62.42364382,7.32667142064768e-07,0.00218824863861818,0.530461708,0.0102062641731219,0.542693667
1576\1576_20260627_2025-06-27-160655-0000DLC_resnet50_Wheel_runningJul16shuffle1_100000_filtered.csv,1576,Training video,0.173476793,0.0061123830146889,0.167031491405866,0.246407865117449,0.00655510211767625,0.166618196485589,0.252543827678137,0.0578933223227424,0.421913990500391,0.250380235461131,0.00313570548097284,0.416442176385764,0.266183657060013,0.007066029,0.034640439,61.22539967,61.65802013,-4.23e-06,0.00117024391939657,0.528431645,0.0169858413247088,0.534981393
1576\1576_20260626_2025-06-26-171937-0000DLC_resnet50_Wheel_runningJul16shuffle1_100000_filtered.csv,1576,Training video,0.503722559,0.0197433669409917,0.2038705843636,0.296196149158695,0.0230958404336744,0.199523186460293,0.31318171126132,0.123681487536624,0.274561699602903,0.31141877972661,0.0115382553912923,0.285424468839684,0.339449361604937,0.006794157,0.034510323,62.8084319,63.23516226,3.06762547210245e-06,0.00394198966538546,0.526026459,0.0772564129549584,0.529121862
1576\1576_20250708_2025-07-08-134029-0000DLC_resnet50_Wheel_runningJul16shuffle1_100000_filtered.csv,1576,60 DPI,0.095523385,0.00454152556041984,0.141830349086219,0.205617209121032,0.00715901455754766,0.143654195196394,0.207417427203433,0.00485787311309973,0.40878491699521,0.123898903163095,0.0017623745273118,0.414154061253562,0.125387119659898,0.002213506,0.008043102,56.41234875,56.53721781,1.54985650408969e-05,0.002391714021295,0.529600025,0.00255090334070741,0.559127586
1575\1575_20260626_2025-06-26-165346-0000DLC_resnet50_Wheel_runningJul16shuffle1_100000_filtered.csv,1575,Training video,0.348151494,0.0066195107056422,0.268248790986294,0.0873642673373011,0.00812854779068242,0.268613013362093,0.0902079460419099,0.013996270548946,0.568957100810107,0.15042468421401,0.00493643948398044,0.570697006925574,0.151423224436958,0.001708047,0.007145737,57.64665107,57.74511426,2.98013242164136e-06,0.00217267901323947,0.533641489,0.0125210653826578,0.538623349
1575\1575_20260627_2025-06-27-154228-0000DLC_resnet50_Wheel_runningJul16shuffle1_100000_filtered.csv,1575,Training video,0.153537566,0.00319405656521722,0.275431069223254,0.0557251778883999,0.00382448862013543,0.275371752585371,0.0565426656295415,0.00390828877117543,0.584192835072987,0.257147699881435,0.00230124153370384,0.585168072807547,0.257208241371094,0.003023919,0.005517077,57.25990281,57.43305211,2.0759243580859e-07,0.00102324094246255,0.530131781,0.00388521272944127,0.545840395
1575\1575_20260628_2025-06-28-154022-0000DLC_resnet50_Wheel_runningJul16shuffle1_100000_filtered.csv,1575,Training video,0.218434211,0.00538311238252202,0.235997365637419,0.068087533946495,0.00618253766188361,0.235795347504109,0.0692950555748783,0.00542493494273655,0.547936096802442,0.176955763984236,0.00366759437979064,0.547953894111938,0.175998250122997,0.003485598,0.009249103,60.462037,60.67278334,7.01928911642836e-07,0.00113483602531978,0.534756122,0.00383418317943033,0.543812584
1575\1575_20260629A_2025-06-29-131051-0000DLC_resnet50_Wheel_runningJul16shuffle1_100000_filtered.csv,1575,Training video,0.213162069,0.0049532681479034,0.238086832824948,0.0461558950058474,0.00549546908496815,0.238419794466515,0.0475871070491749,0.00517075749910178,0.534432105135291,0.188677250092709,0.00340141265094363,0.533911335551441,0.186686709593962,0.00986056,0.005641384,60.22826013,60.82214448,-3.27e-07,0.00116623704844767,0.534602294,0.00346064299676538,0.543229306
1575\1575_20260629B_2025-06-29-190900-0000DLC_resnet50_Wheel_runningJul16shuffle1_100000_filtered.csv,1575,Training video,0.34420444,0.011750743104325,0.243902600483595,0.0707090326770782,0.0172460847869413,0.244068613910233,0.0770715264542043,0.0105664861726467,0.528039179772304,0.175668672503423,0.00717668735550473,0.527535061413972,0.170789017681961,0.018625511,0.008627144,62.67431773,63.84165893,5.11078658434952e-07,0.00215317820791888,0.53081709,0.00714467389136243,0.550161836
1575\1575_20260630_2025-06-30-160157-0000DLC_resnet50_Wheel_runningJul16shuffle1_100000_filtered.csv,1575,60 DPI,0.192780491,0.00486777283726878,0.215095255464177,0.0670123082223143,0.00463568396216581,0.214772801816477,0.0659639583917099,0.00414954744505352,0.480598736038626,0.290546300096988,0.00225245052973685,0.482603633137077,0.286913309676518,0.009633229,-0.006013336,57.0287127,57.57808334,4.95190444976742e-07,0.000869959774623645,0.532162084,0.00231790116411501,0.543254639
1578\1578_20260626_2025-06-26-181738-0000DLC_resnet50_Wheel_runningJul16shuffle1_100000_filtered.csv,1578,Training video,0.306413185,0.011103661568457,0.203379826783023,0.162680683998762,0.00821343556259297,0.200572627162918,0.162645755827201,0.00834179408364497,0.715892172230245,0.148062110235076,0.00538279424936046,0.715211945329207,0.146566669079065,-0.009560743,-0.024812399,55.06730951,54.54082513,3.79181012777107e-06,0.00179448531309322,0.530443716,0.0166399353473345,0.562370643
1578\1578_20260627_2025-06-27-163707-0000DLC_resnet50_Wheel_runningJul16shuffle1_100000_filtered.csv,1578,Training video,0.08962888,0.00286720773254897,0.200918789690159,0.0755829904655494,0.00288044803517789,0.199981764653251,0.0723414946112084,0.00185639454707891,0.685669396218389,0.0626622784063284,0.00135353199058021,0.68651191072619,0.0639471916154789,0.017627575,0.005666084,55.44704014,56.42443701,-3.11e-07,0.00093870036488813,0.530835189,0.00156408605315874,0.537300138
1578\1578_20260628_2025-06-28-163309-0000DLC_resnet50_Wheel_runningJul16shuffle1_100000_filtered.csv,1578,Training video,0.112940251,0.0030622942049254,0.214791231950044,0.0906680928257735,0.00326010822044727,0.214579168890216,0.0915469749551435,0.00253232806605382,0.703293389342555,0.106680699336098,0.0017634159107957,0.703776134018036,0.105832170884589,0.006751737,0.004218241,57.4343985,57.82218045,-5.32e-07,0.000992521779464753,0.529503948,0.00177728864645151,0.535731147
1578\1578_20260629A_2025-06-29-140137-0000DLC_resnet50_Wheel_runningJul16shuffle1_100000_filtered.csv,1578,Training video,0.117331853,0.0038180605358319,0.220659417550541,0.118693770220588,0.00432105500139587,0.220139789144231,0.118041816468623,0.00258690634479006,0.627098210475958,0.127977681048761,0.00176716353428829,0.628284654873127,0.129749484528309,0.014943145,0.012240767,57.20161495,58.05638695,2.33041520504653e-07,0.00117439272792798,0.534262197,0.00185697177157461,0.540077706
1578\1578_20260629B_2025-06-29-181710-0000DLC_resnet50_Wheel_runningJul16shuffle1_100000_filtered.csv,1578,Training video,0.126295217,0.00398550622271923,0.17506273476234,0.0533350408785705,0.00436131314426459,0.175314563621687,0.0546214574120987,0.00283718886285497,0.618398780883593,0.135938889794867,0.00174433470835896,0.61734214791509,0.136182203345034,0.01144084,0.004400003,55.90740663,56.54703435,-6.47e-07,0.00240911542809615,0.528623579,0.00232487001926357,0.545473234
1578\1578_20250713_2025-07-13-161517-0000DLC_resnet50_Wheel_runningJul16shuffle1_100000_filtered.csv,1578,Training video,0.128535261,0.0200736437077996,0.266096217048947,0.175952826528693,0.00754082795270067,0.266540992198641,0.174481417384741,0.00285490266353044,0.854785756504559,0.252221373194459,0.0072411037611536,0.858766212762019,0.247977011496684,0.020964713,0.008403361,54.8884575,56.03917825,-2.94e-06,0.0206406068686512,0.53793759,0.00257817540202884,0.529567383
1578\1578_20250718_2025-07-18-142224-0000DLC_resnet50_Wheel_runningJul16shuffle1_100000_filtered.csv,1578,60 DPI,0.069371653,0.00213143005804631,0.119728513762214,0.210773687936044,0.00544288518382896,0.121839700235854,0.213879813694369,0.00201661699055762,0.386083834524589,0.0385955148629275,0.00704337162200613,0.385305577005982,0.0386000883534434,-0.011065746,0.003250044,55.91800143,55.29922703,4.71134086401316e-07,0.000530804515711774,0.525881026,0.00122730288360026,0.518354543
1579\1579_20260626_2025-06-26-174948-0000DLC_resnet50_Wheel_runningJul16shuffle1_100000_filtered.csv,1579,Training video,0.42631848,0.0166876280327806,0.214860112642367,0.238320971656396,0.0184569787967064,0.21369900653539,0.249303574442278,0.0706708207241321,0.458650024968814,0.319582526984382,0.0118287636560884,0.460864621747821,0.33525422816276,0.018455994,0.028751081,57.87406294,58.94218628,-3.9e-06,0.00675651541293208,0.533241865,0.0466007077724424,0.512723344
1579\1579_20260627_2025-06-27-171609-0000DLC_resnet50_Wheel_runningJul16shuffle1_100000_filtered.csv,1579,Training video,0.109346041,0.00619993789301743,0.159590739207432,0.284863291689451,0.00596176658853495,0.160151837404352,0.29176352960529,0.0424113275248341,0.384610637497116,0.249361443772135,0.00270104466866158,0.392650220153627,0.257569875826622,0.038710711,0.021421385,59.46674085,61.76874066,-2.73e-07,0.00167899575092653,0.529361052,0.0131235086433508,0.526515292
1579\1579_20260628_2025-06-28-165902-0000DLC_resnet50_Wheel_runningJul16shuffle1_100000_filtered.csv,1579,Training video,0.073538504,0.00299653105248376,0.180459614294414,0.251220452119406,0.0026603879181789,0.181762791167425,0.254868877204046,0.0238865810823622,0.433653613961531,0.230011614490234,0.00152685470670042,0.432088031330054,0.232412854506867,0.02243439,0.021986034,57.05598191,58.33599805,-1.65e-06,0.000923801329254566,0.532590059,0.00321586142978727,0.531092651
1579\1579_20260629A_2025-06-29-142420-0000DLC_resnet50_Wheel_runningJul16shuffle1_100000_filtered.csv,1579,Training video,0.060686253,0.00367943500915084,0.200113126129939,0.289500869314503,0.00299230663307973,0.201797480967415,0.293292844187082,0.0094297750157466,0.562055082279228,0.241008220667974,0.00150570016309151,0.561129146704847,0.244249695334787,0.010253006,0.027110646,56.87810608,57.46127764,-6.74e-07,0.00107582857043763,0.531901807,0.0023387182674429,0.52614215
1579\1579_20260629B_2025-06-29-184336-0000DLC_resnet50_Wheel_runningJul16shuffle1_100000_filtered.csv,1579,Training video,0.10261684,0.00461533472566766,0.203583797589284,0.222418014637579,0.00442975445774454,0.20313877558325,0.228257216298893,0.0065517087400908,0.570723004359096,0.150346464670462,0.00217568309017515,0.571598345732516,0.150434410218673,0.013259465,0.017099611,59.52746087,60.31676313,9.23851457422777e-07,0.001456037739061,0.53282382,0.00299810410284815,0.533517014
1579\1579_20250713_2025-07-13-145337-0000DLC_resnet50_Wheel_runningJul16shuffle1_100000_filtered.csv,1579,60 DPI,0.047270345,0.0143433719329823,0.207272082459034,0.270758225264903,0.01752836384584,0.20351801578428,0.285250570065478,0.00222471096346076,0.592872879119644,0.509371697819888,0.0025249059257974,0.59680303038711,0.50968305032605,0.000783414,0.03845162,55.2599029,55.30319429,-3.74e-06,0.0282998018843613,0.521527261,0.00202797202134304,0.523294192
1778\1778_20260413_2026-04-13-143402-0000DLC_resnet50_Wheel Running ProjectAug6shuffle1_100000_filtered.csv,1778,Training video,,,,,,,,,,,,,,,,,,,,,,
1778\1778_20260414_2026-04-14-150621-0000DLC_resnet50_Wheel Running ProjectAug6shuffle1_100000_filtered.csv,1778,Training video,,,,,,,,,,,,,,,,,,,,,,
1778\1778_20260415_2026-04-15-150900-0000DLC_resnet50_Wheel Running ProjectAug6shuffle1_100000_filtered.csv,1778,Training video,,,,,,,,,,,,,,,,,,,,,,
1778\1778_20260416_2026-04-16-134335-0000DLC_resnet50_Wheel Running ProjectAug6shuffle1_100000_filtered.csv,1778,Training video,,,,,,,,,,,,,,,,,,,,,,
1778\1778_20260417_2026-04-17-162343-0000DLC_resnet50_Wheel Running ProjectAug6shuffle1_100000_filtered.csv,1778,Training video,,,,,,,,,,,,,,,,,,,,,,
1778\1778_20260421_2026-04-21-183832-0000DLC_resnet50_Wheel Running ProjectAug6shuffle1_100000_filtered.csv,1778,60 DPI,,,,,,,,,,,,,,,,,,,,,,
1778\1778_20260724_2026-07-24-152702-0000DLC_resnet50_Wheel Running ProjectAug6shuffle1_100000_filtered.csv,1778,150 DPI,,,,,,,,,,,,,,,,,,,,,,
1778\1778_20260724_2026-07-24-152702-0000DLC_resnet50_Wheel Running ProjectAug6shuffle1_100000_filtered.csv,1778,LDOPA,,,,,,,,,,,,,,,,,,,,,,
1564\1564_20250709_2025-07-09-134234-0000DLC_resnet50_Wheel Running ProjectAug6shuffle1_100000_filtered.csv,1564,Training video,,,,,,,,,,,,,,,,,,,,,,
1564\1564_20250710_2025-07-10-171626-0000DLC_resnet50_Wheel Running ProjectAug6shuffle1_100000_filtered.csv,1564,Training video,,,,,,,,,,,,,,,,,,,,,,
1564\1564_20250711_2025-07-11-133013-0000DLC_resnet50_Wheel Running ProjectAug6shuffle1_100000_filtered.csv,1564,Training video,,,,,,,,,,,,,,,,,,,,,,
1564\1564_20250712_2025-07-12-183333-0000DLC_resnet50_Wheel Running ProjectAug6shuffle1_100000_filtered.csv,1564,Training video,,,,,,,,,,,,,,,,,,,,,,
1564\1564_20250713_2025-07-13-170755-0000DLC_resnet50_Wheel Running ProjectAug6shuffle1_100000_filtered.csv,1564,Training video,,,,,,,,,,,,,,,,,,,,,,
1564\1564_20250714_2025-07-14-123836-0000DLC_resnet50_Wheel Running ProjectAug6shuffle1_100000_filtered.csv,1564,Training video,,,,,,,,,,,,,,,,,,,,,,
1564\1564_20250715_2025-07-15-151401-0000DLC_resnet50_Wheel Running ProjectAug6shuffle1_100000_filtered.csv,1564,Training video,,,,,,,,,,,,,,,,,,,,,,
1564\1564_20250716_2025-07-16-124626-0000DLC_resnet50_Wheel Running ProjectAug6shuffle1_100000_filtered.csv,1564,Training video,,,,,,,,,,,,,,,,,,,,,,
1564\1564_20250717_2025-07-17-110453-0000DLC_resnet50_Wheel Running ProjectAug6shuffle1_100000_filtered.csv,1564,60 DPI,,,,,,,,,,,,,,,,,,,,,,
1564\1564_20251009_2025-10-09-152123-0000DLC_resnet50_Wheel Running ProjectAug6shuffle1_100000_filtered.csv,1564,150 DPI,,,,,,,,,,,,,,,,,,,,,,
1564\1564_20251009_2025-10-09-152123-0000DLC_resnet50_Wheel Running ProjectAug6shuffle1_100000_filtered.csv,1564,LDOPA,,,,,,,,,,,,,,,,,,,,,,
