FilePath,ID,AuthorsNote,StrideSpeed,StrideLengthFR,StepLengthFR,StepWidthFR,StrideLengthFL,StepLengthFL,StepWidthFL,StrideLengthBR,StepLengthBR,StepWidthBR,StrideLengthBL,StepLengthBL,StepWidthBL,TemporalSymmetryF,TemporalSymmetryB,DutyFactorF,DutyFactorB,AngularVelocity,NoseLateralDisplacementBR,NoseLateralDisplacementPhaseOffsetBR,TailLateralDisplacementBR,TailLateralDisplacementPhaseOffsetBR,StrideCountPerFrameFR,StrideCountPerFrameFL,StrideCountPerFrameBR,StrideCountPerFrameBL
1715\1715_20260305_2026-03-05-140706-0000DLC_resnet50_Wheel Running ProjectAug6shuffle1_100000_filtered.csv,1715,Training video,-1.00035056975672,0.134316291407753,0.212504920974885,0.15704642765934,0.107313271847073,0.213891424388621,0.147034387016705,0.233339172330168,0.498516138659419,0.192841008878615,0.263081016914722,0.434588426753072,0.15377035791917,-0.0194816182415029,-0.00876091937221363,57.4348751927504,67.963259717429,-1.22935952085931e-06,0.00537527442234374,0.52657736999389,0.0491505287816166,0.527643095299131,0.0273543627465802,0.030166251290402,0.0171607268580709,0.0238729769304198
1715\1715_20260306_2026-03-06-123843-0000DLC_resnet50_Wheel Running ProjectAug6shuffle1_100000_filtered.csv,1715,Training video,-0.97550087796598,0.150185457058835,0.215188236988326,0.171429790890256,0.10799506960617,0.208869078941505,0.144653293987994,0.236960846173909,0.459915659341891,0.214186946061484,0.284078426949391,0.388209849528804,0.146495952984545,-0.0258186205965247,-0.00554492736294611,57.5172880336741,67.0555221487272,3.62947739960998e-07,0.00689005989154371,0.518818561420533,0.0487505796590619,0.520552784797549,0.0270244537983564,0.0294297454399679,0.0174433754259371,0.0239827620765685
1715\1715_20260303_2026-03-03-133957-0000DLC_resnet50_Wheel Running ProjectAug6shuffle1_100000_filtered.csv,1715,Training video,-0.0962119087514155,0.0826918645715835,0.250199141132628,0.163755901568134,0.116254142098244,0.241018863811972,0.193822558963301,0.382701643404645,0.260070794262134,0.169340702581609,0.140153985081801,0.494755230944536,0.216113404739103,0.00837466460687862,0.0107618319821192,56.5315315315315,57.1405589262732,-2.64566057336222e-06,0.00186598958440756,0.534232902688923,0.0186046456151397,0.531413750635368,0.00566674546266383,0.00613295511254695,0.017545242035038,0.00470149449741286
1715\1715_20260302_2026-03-02-141323-0000DLC_resnet50_Wheel Running ProjectAug6shuffle1_100000_filtered.csv,1715,Training video,-0.0790070948147505,0.104008886287713,0.194335481277877,0.233531980895816,0.152620542187808,0.172168567371015,0.284257755386278,0.395046514577408,0.161475512471509,0.206610439617512,0.215807519537576,0.165310974916467,0.325748812696945,0.00419798008370243,0.0162605242255758,57.5765090833716,58.2516545505693,1.8019143953773e-07,0.00231651636481007,0.530303663260231,0.0663707419601112,0.524400152466197,0.00784708547400838,0.00892050754356613,0.0239336106957256,0.00921662397654758
1715\1715_20260304_2026-03-04-131724-0000DLC_resnet50_Wheel Running ProjectAug6shuffle1_100000_filtered.csv,1715,Training video,-0.36991615144946,0.112742794929192,0.227295645987736,0.124134510082208,0.143472527570273,0.220829025659826,0.158667156145463,0.235614334623986,0.54720978713212,0.171280860546299,0.2332465193542,0.494298683251335,0.183397559012603,0.0116360034168646,-0.00372183340750032,57.2623539760443,60.9638197647175,2.46569474454251e-07,0.00259986260925831,0.532113840294186,0.0129435232160032,0.541933104402144,0.010539209641486,0.0110900107693952,0.00633010251477709,0.00827023783099448
1715\1715_20260312_2026-03-12-184551-0000DLC_resnet50_Wheel Running ProjectAug6shuffle1_100000_filtered.csv,1715,60 DPI,-0.449320790170595,0.149550418370808,0.185998323456066,0.142156663414675,0.192585667869633,0.141058343216403,0.184654292251853,0.277282776759951,0.291498721216077,0.119346056822632,0.24985377383335,0.319415217365446,0.195914226584409,-0.00104511409162163,0.00587278587692575,60.6056493085403,63.7488877829556,-5.59521452028036e-07,0.00164487828061972,0.529990405389621,0.0297078299429367,0.530977585836812,0.0156313622585169,0.0141308118053356,0.0162270581670663,0.0117027854439066
1716\1716_20260302_2026-03-02-144302-0000DLC_resnet50_Wheel Running ProjectAug6shuffle1_100000_filtered.csv,1716,Training video,-0.184763964714464,0.108593304574843,0.277900183785003,0.191604067669774,0.150762793440509,0.29387471186268,0.17137427390655,0.21328476636935,0.481115442146797,0.219626810604621,0.182445741872741,0.469739518836298,0.190262487244676,-0.00149390093337949,-0.0120333528555816,56.463272661364,57.7288792532538,-6.16873932105333e-07,0.00204142996078379,0.526809758064288,0.0176558462857557,0.528563022165334,0.0086511582513646,0.00886029181102692,0.00636463133238991,0.00865812937002001
1716\1716_20260303_2026-03-03-140644-0000DLC_resnet50_Wheel Running ProjectAug6shuffle1_100000_filtered.csv,1716,Training video,-0.718035094892689,0.120087711380747,0.285684481700635,0.137817205727442,0.125616522551358,0.286649079466297,0.14623083596668,0.247887652424475,0.543898591334485,0.16935480403787,0.216438306962658,0.515200096578727,0.156284124650947,-0.00609240738132131,-0.00837357389227912,58.9748560035445,65.2310866194063,-2.77690338406915e-06,0.00302441645351209,0.519871818694021,0.0318637959953688,0.510206721490572,0.0218902303943288,0.0228525143996455,0.0119420137350465,0.0134719760744351
1716\1716_20260304_2026-03-04-133836-0000DLC_resnet50_Wheel Running ProjectAug6shuffle1_100000_filtered.csv,1716,Training video,-1.35676499948911,0.139410962851538,0.290253695429317,0.13424763357455,0.14808233554368,0.289126762759657,0.161412647416886,0.230427502461177,0.488958625580614,0.128585362924114,0.20876751214804,0.46907150744131,0.166401233117321,-0.00654389270447127,-0.00950760370308674,61.0214123232123,69.2628490422972,7.50161706517843e-07,0.00575434644860247,0.514435722714891,0.0692550927104094,0.496417218981337,0.0304536313585864,0.0313272673326081,0.0206623149704942,0.0228628886031715
1716\1716_20260305_2026-03-05-144641-0000DLC_resnet50_Wheel Running ProjectAug6shuffle1_100000_filtered.csv,1716,Training video,-2.57752458392844,0.115774028440926,0.24121382804101,0.133794264789598,0.162460847719359,0.237328524754243,0.156984633784331,0.251297130920787,0.378527724254947,0.0756713642179377,0.155702515683954,0.350838464465911,0.154632982589965,-0.00163538565715672,-0.019380285963515,58.6609806184702,69.1653051129465,-2.668946641511e-06,0.0102125234745562,0.508714911750848,0.190283148204472,0.49579542118056,0.0624615891955091,0.0506198192256382,0.0384108044908788,0.0529207200995308
1716\1716_20260306_2026-03-06-131506-0000DLC_resnet50_Wheel Running ProjectAug6shuffle1_100000_filtered.csv,1716,Training video,-1.31669198202339,0.130192013657459,0.243910529459313,0.128172646080356,0.16754999505657,0.234851446058,0.170636776824057,0.248558936545263,0.492875936501402,0.106501304292682,0.187768005067195,0.46095156561793,0.210906508801901,0.00708266275524413,-0.0184876176936562,60.8054206718858,68.5441647672844,9.75139285543335e-07,0.00619476654662477,0.52247960272779,0.0640046016216618,0.4753960725332,0.0312076768077164,0.0310838040498134,0.0192580847619991,0.0247497770290358
1716\1716_20260313_2026-03-13-151617-0000DLC_resnet50_Wheel Running ProjectAug6shuffle1_100000_filtered.csv,1716,60 DPI,-0.487470290060606,0.143097420691184,0.226024682089197,0.137406615621073,0.207490133590829,0.1998870715721,0.210220663442723,0.284817326372283,0.390053876386949,0.12908102710648,0.27526243530412,0.421679560335953,0.191847786331596,0.0290647148568008,0.035017419663628,58.3263871679921,67.4649124783167,1.1049545533554e-06,0.00143913452622794,0.53094174748182,0.0241648788811234,0.502350677081375,0.0115494078863382,0.0117296327168142,0.0144930801174465,0.0109261303476086
1777\1777_20260413_2026-04-13-140813-0000DLC_resnet50_Wheel Running ProjectAug6shuffle1_100000_filtered.csv,1777,Training video,-0.327390563684134,0.101218921987752,0.251460933369275,0.132048872422052,0.147635608365299,0.239565095519113,0.149157731956287,0.182726330259993,0.500283962646095,0.117439428171306,0.162982447285507,0.467534685719806,0.157254541720114,0.014869325997249,-0.00892537432197665,57.0200550592554,59.1400716868368,-9.80490563768929e-07,0.00109641802055651,0.528283585544206,0.0123912236949324,0.526246486214983,0.0106510639299132,0.00956085930085726,0.00736476364520506,0.00822751550992557
1777\1777_20260414_2026-04-14-144132-0000DLC_resnet50_Wheel Running ProjectAug6shuffle1_100000_filtered.csv,1777,Training video,-0.262744912810722,0.0937004253393364,0.23996288469133,0.12333543570352,0.139797971480871,0.247087743467563,0.128071530627369,0.209194018488744,0.552583852066833,0.137151649773625,0.200486404034485,0.477170897903603,0.15419822816283,0.0079273122418387,-0.00963177002296806,57.4703173671618,60.9317863753329,-2.124122956531e-06,0.000909040724820608,0.530143256185167,0.00795768023316839,0.529676431289207,0.00853234616947316,0.00651588340631725,0.00449189652837344,0.00586128541977036
1777\1777_20260415_2026-04-15-144353-0000DLC_resnet50_Wheel Running ProjectAug6shuffle1_100000_filtered.csv,1777,Training video,-0.443269231966889,0.0860885481612298,0.232407478553426,0.127507261719599,0.153038304636287,0.222096404275326,0.14144211880906,0.239491010201833,0.571633783957857,0.140110611019167,0.244171221322826,0.505584423149305,0.126906549943353,0.0301194660993865,-0.00883118731725259,58.3533917677158,63.8111782248664,-3.32263531992842e-07,0.00134831997762236,0.536246616129039,0.00973931963810928,0.537461859803122,0.0121258912757164,0.00966589460617346,0.00628245303298666,0.00674417548480857
1777\1777_20260416_2026-04-16-131737-0000DLC_resnet50_Wheel Running ProjectAug6shuffle1_100000_filtered.csv,1777,Training video,-0.953622939442962,0.100053133587195,0.232882748085964,0.127852486135435,0.173247443206643,0.225174984780834,0.150244208546338,0.263572711863611,0.5205358376184,0.100553822300848,0.208151332784463,0.464861962640242,0.144051540547711,0.0428902269569245,-0.0113679964043368,61.3905718033682,69.169175241316,5.11998250414556e-07,0.00191502691952028,0.528199511988176,0.0366914056562159,0.52230257118818,0.0249618974681721,0.0202227765940507,0.0123596272397085,0.0158703679832576
1777\1777_20260417_2026-04-17-160001-0000DLC_resnet50_Wheel Running ProjectAug6shuffle1_100000_filtered.csv,1777,Training video,-1.48776299091346,0.108468078198432,0.217264929290506,0.141446177432251,0.188241337393814,0.213026343591878,0.154311111100691,0.262425817402622,0.53110503003528,0.106360327479046,0.207867036104391,0.464231620005156,0.140257692020336,0.0504487278334618,-0.0203401204748691,63.0890582073174,73.0634529025831,-1.04615103176786e-06,0.00515666798476075,0.523884103948076,0.118299013709137,0.542588362835876,0.0373183696658858,0.0257142634778074,0.0194413529562842,0.0269205924242542
1777\1777_20260421_2026-04-21-164851-0000DLC_resnet50_Wheel Running ProjectAug6shuffle1_100000_filtered.csv,1777,60 DPI,-0.738183407307215,0.138170050855271,0.176271710192222,0.132043456536529,0.160031931366532,0.189717941952193,0.113984968520126,0.275170400744038,0.40311058325942,0.0826103912023735,0.158627591013868,0.389646472986411,0.163836021570825,0.0148866746412981,-0.0126842060257105,60.6218108370793,66.598454015308,-1.20009386712244e-06,0.00134320197179908,0.522473724239009,0.0221134676018976,0.528823584401252,0.0188084679868789,0.0159382213582797,0.0141234357915199,0.0176694812294982
1715\1715_20260617_2026-06-17-191801-0000DLC_resnet50_Wheel Running ProjectAug6shuffle1_100000_filtered.csv,1715,150 DPI,-0.418290786692584,0.281272686905738,0.274648060716271,0.304425159818232,0.292721855347951,0.316077301626532,0.230947450585575,0.479717735912784,0.28067959840243,0.15054356263629,0.361476072926835,0.339077952447947,0.277074450495424,-0.0107768149991091,-0.0470060854974831,63.1370833333333,66.5516666666667,-3.71833174330388e-06,0.01469531479106,0.522504604069918,0.118778530138026,0.524568585804873,0.0196083333333333,0.0199833333333333,0.019275,0.0312166666666667
1716\1716_20260616_2026-06-16-154859-0000DLC_resnet50_Wheel Running ProjectAug6shuffle1_100000_filtered.csv,1716,150 DPI,-0.0166844733184303,0.13764024492279,0.228243602043947,0.167540122086082,0.149170417767088,0.151614942093388,0.155773802487385,0.418667778982597,0.214183155369363,0.105149856656539,0.254515728282038,0.25617744517639,0.183627173115378,-0.0144399616869358,0.0061313532823944,57.4216666666667,57.9670833333333,4.85884557662229e-07,0.000800346937986952,0.524896152433744,0.00756028515210831,0.50883784364108,0.000716666666666667,0.0159,0.0114583333333333,0.000858333333333333
1777\1777_20260723_2026-07-23-152056-0000DLC_resnet50_Wheel Running ProjectAug6shuffle1_100000_filtered.csv,1777,150 DPI,-0.0502049675013882,0.361321926139251,0.321036756919006,0.274238450697442,0.212021923957817,0.341595561679401,0.203438931229952,0.246338275782132,0.510872007724926,0.378857220998684,0.419406520321784,0.323618118646652,0.182167565894158,-0.00508463667374649,-0.028460651204158,58.26375,59.9658333333333,-1.1657965067388e-07,0.000762563132286548,0.534759890402894,0.00918709913938044,0.531721122066168,0.0012,0.00469166666666667,0.0015,0.0165916666666667
1777\1777_20260723_2026-07-23-152056-0000DLC_resnet50_Wheel Running ProjectAug6shuffle1_100000_filtered.csv,1777,LDOPA,-0.449396932790935,0.101797313868841,0.193037932987616,0.120258134633183,0.194009576252219,0.163050885479794,0.168524458982781,0.336872024979202,0.446261490790684,0.193643260817319,0.174235280702932,0.452566789167614,0.175396563557923,0.0201542797245811,0.0470394654206547,66.3831968066933,66.3444471296072,2.55373085295024e-06,0.00134961419013686,0.524241789225884,0.0329253266451335,0.521750890961496,0.0142915475704369,0.0110999075007708,0.0305330788910092,0.0103665802784977
1716\1716_20260616_2026-06-16-154859-0000DLC_resnet50_Wheel Running ProjectAug6shuffle1_100000_filtered.csv,1716,LDOPA,-0.564238935927173,0.20675318676136,0.286137258051875,0.173701209822371,0.209211390443466,0.353231413771666,0.205532951839101,0.206397763602302,0.576019264232991,0.194203744327363,0.235210405376272,0.594588915682207,0.212719600643008,-0.044103604285893,0.000164133124589714,63.2690560911992,66.0027833101391,-2.05830115665805e-06,0.00479591305839379,0.521254180766358,0.0645563831765776,0.525759171850042,0.0158498679177674,0.0230248081265989,0.0134415546537112,0.0155915367371939
1715\1715_20260617_2026-06-17-191801-0000DLC_resnet50_Wheel Running ProjectAug6shuffle1_100000_filtered.csv,1715,LDOPA,-0.536736349949248,0.296251852888526,0.26506449133676,0.31550585090244,0.248959720215432,0.284040740294524,0.183845730385392,0.447203690955803,0.310705152224704,0.146716824226651,0.351137846483401,0.364890324568747,0.234352160446847,-0.0214773448247701,-0.0636604934184788,66.3290305914117,69.2273397721686,-2.51960945477665e-05,0.0205724727647257,0.517484091561169,0.163676893032368,0.532529838604447,0.0206414946542112,0.0217914850709577,0.0235081374321881,0.0381663486137616
1559\1559_20250710_2025-07-10-115337-0000DLC_resnet50_Wheel_runningJul16shuffle1_100000_filtered.csv,1559,Training video,-0.0814771442896956,0.0997713779506482,0.187357608563815,0.113958413531578,0.0733260125162948,0.184236032851564,0.0933012801894796,0.168108890179588,0.461242335884321,0.189060702164636,0.244009046499239,0.357459907634624,0.145636998320212,-0.0047755889661683,-0.00898128503548451,57.8903801334083,59.2819255806478,-1.79408614443676e-06,0.00137762938647571,0.530115590292696,0.00285067218883393,0.530265992104347,0.00345575825765491,0.00343164831632243,0.00141444989150526,0.0027887165474564
1559\1559_20250715_2025-07-15-123041-0000DLC_resnet50_Wheel_runningJul16shuffle1_100000_filtered.csv,1559,Training video,-0.755364300170498,0.23197696511411,0.210725295451339,0.194531777679158,0.145974346813204,0.201702863947732,0.156881123450967,0.338754141448303,0.467561581449348,0.146543896510483,0.31493143185626,0.483553157355697,0.171010457348695,-0.041302663567631,-0.00270550276766425,60.4706015395924,68.2214719020348,-3.64568118609144e-08,0.0245500215369251,0.527677193026414,0.0158144804754892,0.516721855846216,0.0187238992237417,0.0209210090550004,0.0100485464341392,0.0103797284307628
1559\1559_20250714_2025-07-14-111408-0000DLC_resnet50_Wheel_runningJul16shuffle1_100000_filtered.csv,1559,Training video,-0.579509491249729,0.21061573047405,0.231986322689183,0.178144415207904,0.143605147130886,0.237545040496973,0.158096646369885,0.317145881987039,0.442743794932387,0.167067104329444,0.318132037825926,0.455697051087195,0.177908319888616,-0.0177504632577573,-0.000674754905203497,57.7356168005023,62.4425828624302,-1.04083235120307e-05,0.0218945586880541,0.525584615359223,0.0120838704969801,0.51679270176489,0.0147962724298602,0.0138957734377582,0.00742705132018109,0.00731139089917716
1559\1559_20250709_2025-07-09-122508-0000DLC_resnet50_Wheel_runningJul16shuffle1_100000_filtered.csv,1559,Training video,-0.153137536470384,0.1356969898981,0.200027093926566,0.143728036875041,0.104152569890233,0.224445646146688,0.130521843284688,0.221292661394621,0.428025156943741,0.208145299664863,0.233591957129481,0.409987759378758,0.159072740940608,-0.00702870830503026,-0.0076323303316495,56.285114055281,58.6358441056682,7.3814082018466e-07,0.00188430639515714,0.531253898004783,0.00768857350312852,0.531812374256862,0.00590801526103125,0.00620583074421675,0.00290571322783689,0.00381525781161963
1559\1559_20250713_2025-07-13-130845-0000DLC_resnet50_Wheel_runningJul16shuffle1_100000_filtered.csv,1559,Training video,-0.471114364918562,0.186617280456226,0.213946364826122,0.180089381508208,0.153839863193276,0.204790734865714,0.147357964793186,0.317316263492566,0.425779758069301,0.153689402383856,0.317487758948507,0.429016273725302,0.155602951090907,-0.00890078163509608,-0.00453445791414945,58.3241609304924,62.1338568448029,-5.67222464693998e-07,0.00729652355355764,0.52927700546223,0.00794342062636888,0.520512346646055,0.0119186476318772,0.0098897668840663,0.0056020108097452,0.005618438993938
1559\1559_20250711_2025-07-11-115857-0000DLC_resnet50_Wheel_runningJul16shuffle1_100000_filtered.csv,1559,Training video,-0.286265047935136,0.144221100186182,0.205635617145563,0.141404032987742,0.135101192042642,0.210849792427035,0.146141011505894,0.265021930740922,0.449950326826379,0.200726097191362,0.256878491412848,0.42734103047506,0.178630174874387,-0.00482228969458833,-0.00677644507691269,57.1961524631428,60.2995979209571,-9.04219455381664e-07,0.00981111378217689,0.53384918446661,0.00771483790692585,0.525987918175498,0.00961884214311399,0.00903043378771534,0.0044620966951064,0.00579418783302278
1559\1559_20250716_2025-07-16-154556-0000DLC_resnet50_Wheel_runningJul16shuffle1_100000_filtered.csv,1559,60 DPI,-0.093516952061699,0.248154491197443,0.214664788525082,0.252844876914277,0.193507806987631,0.225122052474521,0.192399743765552,0.280807177801418,0.485158313158629,0.21023116403556,0.309481363285261,0.477881556932371,0.158909956008739,-0.014097297604098,-0.00744688569788988,53.9290633608815,58.0069635751454,1.82903486844821e-05,0.00780398618475186,0.534922664143012,0.00220424843372915,0.530815682740572,0.00390266299357208,0.0094811753902663,0.00166054484236302,0.00162993572084481
1559\1559_20250712_save_2025-07-12-155601_h.264DLC_resnet50_Wheel_runningJul16shuffle1_100000_filtered.csv,1559,Training video,-0.264836996848998,0.140326198850255,0.197445478472193,0.148808534744031,0.127137565552809,0.20399123616043,0.144822430091344,0.214311038024284,0.430475846617312,0.192046935836926,0.19231282707629,0.426330219958846,0.169026868050162,-0.00729059045985298,-0.0132357290742383,56.4593880695576,59.537750385208,-7.62340463102404e-08,0.00594122142425416,0.524103878676763,0.0108181694983607,0.508926419063642,0.00916795069337442,0.00871670702179177,0.00504072198987453,0.00576711424169051
1560\1560_20250712_2025-07-12-172744DLC_resnet50_Wheel_runningJul16shuffle1_100000_filtered.csv,1560,Training video,-0.168552355563203,0.101122159737844,0.218028836914243,0.127900376417767,0.122416558501089,0.212037545354451,0.14678378447318,0.138273336923551,0.47665998439526,0.178833931981656,0.166528834828812,0.445521441822106,0.168098391545325,-0.00750733533439004,-0.0113948130057821,56.6416547592668,60.8549640485669,9.68791001447091e-07,0.0144098584233913,0.537968279792947,0.0125553429283146,0.514066131683529,0.0151294022357894,0.0146785766136119,0.00916169357611694,0.00900887133131099
1560\1560_20250709_2025-07-09-125003-0000DLC_resnet50_Wheel_runningJul16shuffle1_100000_filtered.csv,1560,Training video,0.0493379592166912,0.0956761868582314,0.242463237504019,0.288313750266914,0.109099294143289,0.252964758072922,0.222223480818144,0.246921219898933,0.37162850666156,0.273943700179806,0.263595502213257,0.383992659312344,0.262667621689456,0.00633939413054097,-0.0131092015304523,51.9106403182763,52.2045220124756,-2.69993700657645e-06,0.00896547285606384,0.536265306243709,0.0635931209488657,0.532408728659933,0.0189508669100673,0.0217587059382112,0.0132860721360861,0.0154226493557524
1560\1560_20250714_2025-07-14-114322-0000DLC_resnet50_Wheel_runningJul16shuffle1_100000_filtered.csv,1560,Training video,-0.655564479824437,0.221490800584557,0.254884915529054,0.221944122882939,0.207006824959446,0.244775476217927,0.171287942025879,0.292063304581606,0.584254626792502,0.249779261132038,0.353221585572068,0.551735262226426,0.160234288427987,-0.00336838365411548,-0.000544149750011126,60.3879224980195,64.4503399788751,-4.12419355009069e-07,0.055473921744532,0.527812910730244,0.0177759308094567,0.518789048849178,0.0228660549247425,0.0207865724848165,0.0121880776340111,0.0115774359651439
1560\1560_20250710_2025-07-10-121927-0000DLC_resnet50_Wheel_runningJul16shuffle1_100000_filtered.csv,1560,Training video,-0.00536597951742219,0.13507121384457,0.238055907208658,0.185160650346488,0.0738762450568627,0.217942896729835,0.247190082771185,0.362928431965944,0.359180489829178,0.25170619231677,0.278707863389737,0.295187690805,0.23679767562419,-0.00374391882666589,0.00643393560326227,55.6062143867529,55.70930799415,5.28960264600231e-06,0.0105607699054809,0.540690060229137,0.0354802619780547,0.521204158236726,0.0065052865442863,0.00569811954063407,0.0124591421652854,0.00704073396255065
1560\1560_20250711_2025-07-11-122622-0000DLC_resnet50_Wheel_runningJul16shuffle1_100000_filtered.csv,1560,Training video,-0.0387276763179821,0.126528658841205,0.237773688770893,0.173741973642697,0.13573969137998,0.215394634087289,0.19983506171046,0.172795862037096,0.385170675237346,0.215720121876432,0.202228001411523,0.372268629500046,0.259148414788414,0.00335073977371631,-7.03432751829212e-05,55.9605175576733,57.6976151435947,4.22935404733344e-06,0.0117734402278931,0.545352484171027,0.0252560610783274,0.513761291285384,0.0110232641200058,0.00962709222851762,0.0053087000990308,0.00588502686819163
1560\1560_20250715_2025-07-15-125758-0000DLC_resnet50_Wheel_runningJul16shuffle1_100000_filtered.csv,1560,Training video,-0.0729485220839668,0.340836488409953,0.638428794027031,0.393095835024988,0.513212895576088,0.46309164071631,0.341720139409243,0.375471404210349,1.59090285970265,0.438150419719835,0.891146243819957,1.41103014841208,0.577831229212726,0.0127987221755781,0.00693146648472802,28.6930566246159,29.7116181231675,2.37157228511884e-06,0.0701240712951237,0.53649390333602,0.00943700244098944,0.54105024543703,0.00521179145783267,0.00280860915089517,0.00175684965714991,0.00158057711629875
1560\1560_20250713_2025-07-13-155015-0000DLC_resnet50_Wheel_runningJul16shuffle1_100000_filtered.csv,1560,Training video,-0.383947674131876,0.171441077912734,0.232259606745859,0.174302326543361,0.152253465552986,0.226184795179709,0.138068744092791,0.238396303530414,0.532627840514009,0.232867463587365,0.253429564220751,0.478922470107976,0.14212947902926,-0.00881765605954509,-0.0103374436978513,59.0566919124235,62.22708928421,2.56301854683374e-06,0.0241772382479517,0.525757889823265,0.0125580686085928,0.530354248090296,0.016885812088863,0.0170236554528537,0.00811744254612009,0.0102004089353132
1560\1560_20250717_2025-07-17-145702-0000DLC_resnet50_Wheel_runningJul16shuffle1_100000_filtered.csv,1560,60 DPI,-0.0127702548742111,0.134808371215787,0.248219544313476,0.136938186226443,0.152548342748812,0.23947658148119,0.17032000566349,0.106775588507273,0.387588756252662,0.214339258372703,0.112951223533734,0.439526441362582,0.219149409621017,6.77144346861466e-06,-0.0122978790424192,60.0677637947725,61.9815012161689,5.11271548435036e-07,0.00604001866570856,0.533807376442117,0.00126863143628631,0.554767823336369,0.00191170369406233,0.00521447688465512,0.00136666476852115,0.00263571062500508
1560\1560_20250717B_2025-07-17-152157-0000DLC_resnet50_Wheel_runningJul16shuffle1_100000_filtered.csv,1560,60 DPI,-0.169329503613531,0.0917803179726925,0.198321157121806,0.0977638017061183,0.119062017025199,0.204766700917042,0.143843270854471,0.0939389055187368,0.538367402856444,0.16285117442805,0.275998416280675,0.450252486399658,0.17373957721199,0.0011088643924076,0.000551977920883205,60.0885788194717,63.9060907736929,-2.61925059158592e-05,0.00535332843137355,0.526272796634891,0.00822658066496713,0.522151973646069,0.0163047738496512,0.0154425021556792,0.00846594026808811,0.00987693031276946
1563\1563_20250709_2025-07-09-131751-0000DLC_resnet50_Wheel_runningJul16shuffle1_100000_filtered.csv,1563,Training video,-0.000613229927895413,0.0742214453998301,0.212657645367906,0.253406183668976,0.0764910806852874,0.242911823456845,0.173792100535285,0.242375222416028,0.403942776461839,0.271348809404563,0.274517442074059,0.376864374047343,0.261775082257382,-0.00334920598756008,-0.00444145749934261,52.8815723947373,54.9775900014458,-4.40432919970929e-07,0.00170550663737531,0.530917074168655,0.0333709590013729,0.536898921396112,0.00602419315972947,0.00665070924834134,0.0047149351796816,0.00632138668894279
1563\1563_20250712_2025-07-12-180436-0000DLC_resnet50_Wheel_runningJul16shuffle1_100000_filtered.csv,1563,Training video,-0.0975305007682865,0.138975892556446,0.199100270340621,0.218101878684978,0.199032164751684,0.175006879244826,0.27818339709521,0.201026113941296,0.573810428051321,0.142326941357882,0.199439593601595,0.593512657292937,0.202956604376112,0.00694948072522443,0.02104352839435,58.1459616140443,59.6497117778069,-7.37195922261917e-07,0.00337142237812953,0.536379780359973,0.0046406054314345,0.531716333981862,0.01242958207782,0.0118564129437967,0.00474911568190751,0.00406131272107952
1563\1563_20250715_2025-07-15-144957-0000DLC_resnet50_Wheel_runningJul16shuffle1_100000_filtered.csv,1563,Training video,-0.121129628716324,0.104871264502397,0.221029289769253,0.213789137497188,0.191783971023151,0.200709132378166,0.266780524988862,0.32438373541699,0.633225971227573,0.176768291202826,0.348712897229211,0.622051317589093,0.222624188679808,0.019178780201271,0.00590951061865196,56.0882474357753,60.1838620558255,-6.4050143905647e-06,0.0328733097838904,0.52690387188476,0.00302222268685584,0.536585864953287,0.00661300053983678,0.00296910228319202,0.00148455114159601,0.00167508176939443
1563\1563_20250714_2025-07-14-121434-0000DLC_resnet50_Wheel_runningJul16shuffle1_100000_filtered.csv,1563,Training video,-0.0989013860469665,0.0715532281987978,0.188906004138313,0.153412133668755,0.0990160898772819,0.176781717730168,0.16892397866519,0.193695158690364,0.556019937247814,0.130562359476186,0.218077634915914,0.532675198538562,0.148889101991058,0.00852467536217237,0.0224240897235974,56.6010524423526,59.9969766795771,-1.25809100435548e-06,0.0131996954974652,0.534940860974426,0.00480302394427648,0.514481569260872,0.00629994607050056,0.00450229608929418,0.00188753248026671,0.00192838816165776
1563\1563_20250717_2025-07-17-103920-0000DLC_resnet50_Wheel_runningJul16shuffle1_100000_filtered.csv,1563,Training video,-0.0422510437941599,0.117891730895127,0.193342705957485,0.121447772453289,0.105475487350091,0.155307943811096,0.113157174579837,0.18282358853142,0.465217294878767,0.124590897068379,0.201400504444567,0.406102827695552,0.141308452799831,0.0041922102712822,-0.00228756810714138,55.247061304951,58.5134948770575,-8.31685341051357e-07,0.00216021743730161,0.535083522096262,0.00292077844462642,0.55123520463353,0.00341529500523246,0.00296911632283867,0.000567863777592095,0.000843683326708256
1563\1563_20250711_2025-07-11-130041-0000DLC_resnet50_Wheel_runningJul16shuffle1_100000_filtered.csv,1563,Training video,-0.0478233743308192,0.110502672033779,0.184518386725733,0.266964377296471,0.174650240400423,0.169509919284324,0.321854260033999,0.419829633151966,0.335296468206141,0.20756735493679,0.230106417514437,0.412099158860601,0.295374196816713,-0.00235832201815195,0.0173554243636132,57.6102253162662,58.960251515832,4.91961250654851e-06,0.00480939439717881,0.53654068016545,0.0116378360001705,0.532819129414293,0.00567407740100307,0.00278463956883,0.00732090725353694,0.0021633355790104
1563\1563_20250713_2025-07-13-164223-0000DLC_resnet50_Wheel_runningJul16shuffle1_100000_filtered.csv,1563,Training video,-0.0959457037589071,0.182918969978468,0.268700812773264,0.248294744938944,0.214654510724478,0.187966026356822,0.280467719796502,0.381037531965849,0.524897186922405,0.192095764684754,0.247166716406492,0.598826845240541,0.278954468459283,0.000150567365207929,0.0228719641593964,56.6451893031875,59.1891326091508,-4.99354268029944e-07,0.0417886226357016,0.529332569626384,0.00443885234787054,0.518997429380257,0.00702472610546393,0.0045280795205198,0.00540423189349709,0.00248113946329852
1563\1563_20250710_2025-07-10-143307-0000DLC_resnet50_Wheel_runningJul16shuffle1_100000_filtered.csv,1563,Training video,-0.0113939191103279,0.0768286021588108,0.267386624314334,0.198362602168615,0.19660432421267,0.348538431815767,0.228280604966815,0.217676703252332,0.492174658946524,0.16880624704687,0.329357269935332,0.425232304384794,0.350754592973804,0.0110452123087502,0.0051115698417379,55.6304690862143,56.7517811887343,-2.58823535465808e-06,0.00176145682614257,0.534934111834903,0.016021929690544,0.540336891775775,0.00579384433924672,0.00219161924799566,0.00155405728494238,0.0012432458279539
1563\1563_20250716_2025-07-16-121443-0000DLC_resnet50_Wheel_runningJul16shuffle1_100000_filtered.csv,1563,Training video,-0.0819028678287231,0.134352148798022,0.273023803803533,0.195056893806104,0.167494187112099,0.23264438884439,0.204397585456915,0.258214520909841,0.711033959249754,0.164969386086197,0.289696814168472,0.704050506091519,0.22847235842022,0.00682904180611712,-0.00875658869537754,56.3025545696153,59.789128193212,4.4548583974345e-07,0.0517391785274076,0.52219680303189,0.00443373675052882,0.545310171670422,0.00718155016919122,0.00446577689995207,0.00124896524681586,0.00158299083608057
1563\1563_20250721_2025-07-21-145127-0000DLC_resnet50_Wheel_runningJul16shuffle1_100000_filtered.csv,1563,60 DPI,-0.0413116646306719,0.0502882839508129,0.208184956022707,0.183015209905346,0.118881607021398,0.208370642577212,0.193831942548874,0.173552252277311,0.525118127009266,0.117863274550204,0.183740666575172,0.51015408045527,0.124750572161563,-0.0144678427403976,-0.0143653064297545,64.797740812991,65.6502082564454,-9.07131270291698e-07,0.00118047864007177,0.530904452315439,0.00187291679950189,0.521431893719574,0.0020693836663679,0.00248457847840987,0.000705172141087151,0.00151579058364528
1563\1563_20250721B_2025-07-21-151745-0000DLC_resnet50_Wheel_runningJul16shuffle1_100000_filtered.csv,1563,60 DPI,-0.345186732952037,0.0673252083445302,0.17546642960643,0.12163476221084,0.156881725316957,0.192227282721102,0.144526595187831,0.314864372305323,0.504806389686967,0.197040484844788,0.29813280347896,0.483358200219764,0.167202479960626,-0.00189488381370296,-8.97223094522672e-05,62.9500580720093,69.9720626549895,-3.89568968069832e-07,0.00165131565617626,0.525401263028344,0.00634059624656647,0.521540910454258,0.0110807671783282,0.0129014031453056,0.00404934551276015,0.00473993156919986
1576\1576_20260629B_2025-06-29-193339-0000DLC_resnet50_Wheel_runningJul16shuffle1_100000_filtered.csv,1576,Training video,-0.089986793454932,0.130366402133257,0.232641421842983,0.154669680309683,0.188854627428197,0.208881748655738,0.190231266981918,0.146029229785573,0.551197012050878,0.140929309797497,0.267728774249598,0.456490658862389,0.18797577001921,0.0132178803540937,0.00580564114262214,58.2255460606916,59.3957170064081,-9.09123198560624e-07,0.00130897673615313,0.530884737228631,0.00243774468370095,0.538090961423531,0.00375935545182873,0.00270215599989314,0.00204188341799834,0.0016373233389183
1576\1576_20260629A_2025-06-29-133605-0000DLC_resnet50_Wheel_runningJul16shuffle1_100000_filtered.csv,1576,Training video,-0.0728803535097818,0.11923091075563,0.230742673143105,0.167064093895493,0.196549252131544,0.206750805198792,0.194956526650832,0.184018544827627,0.523735136776167,0.138376993423076,0.243531794655449,0.446043286301282,0.189836507279106,0.0179123643796844,0.00252496967796243,56.5685017307963,57.9055140872736,-1.30827534013685e-07,0.00134745705204087,0.530120978227625,0.00197891848649196,0.535806722245617,0.00364319652506504,0.00242385608076555,0.00144171256180092,0.00137500092655049
1576\1576_20260628_2025-06-28-160635-0000DLC_resnet50_Wheel_runningJul16shuffle1_100000_filtered.csv,1576,Training video,-0.226665665436366,0.0757984026856683,0.234335850798257,0.150833165812864,0.131253283539999,0.196201062159797,0.149378915644144,0.19994909016147,0.455206871340723,0.164379409939705,0.246438290102939,0.421871021102213,0.179183509069527,0.0190003720699492,0.00504051665295695,61.259686977663,65.1158638504787,7.32667142064768e-07,0.00218824863977463,0.530461707635712,0.0102062641735545,0.542693667291238,0.00926910803829205,0.00839158182647014,0.00547029326850023,0.00479030542470749
1576\1576_20260627_2025-06-27-160655-0000DLC_resnet50_Wheel_runningJul16shuffle1_100000_filtered.csv,1576,Training video,-0.115813661446316,0.0629384808144655,0.231143848628868,0.236855089188734,0.142971109829569,0.181263310927683,0.27855486898231,0.409688112801815,0.3405357135988,0.191251618669099,0.155535781297594,0.454869086316878,0.256262962232719,0.00706602923695524,0.0346404385320175,61.2253996672964,62.8157865057659,-4.23134791223311e-06,0.00117024391839943,0.528431644779151,0.0169858413257317,0.534981393250134,0.00808145600135337,0.00437730848394282,0.0170263907294104,0.00382750162122536
1576\1576_20260626_2025-06-26-171937-0000DLC_resnet50_Wheel_runningJul16shuffle1_100000_filtered.csv,1576,Training video,-0.329097053050312,0.151012160870775,0.264864041525068,0.270233277087835,0.251907868032886,0.222802537688473,0.342417136782107,0.485141936383189,0.248806854432384,0.206342328874262,0.261069700539584,0.295758350614726,0.41484033643898,0.00679415715463041,0.0345103231205426,62.8084318983999,65.2632522803786,3.06762547210245e-06,0.0039419896652014,0.526026459288385,0.0772564129616444,0.529121862301579,0.0132298637886482,0.00949648263325644,0.0312772565354549,0.00849384970287829
1576\1576_20250708_2025-07-08-134029-0000DLC_resnet50_Wheel_runningJul16shuffle1_100000_filtered.csv,1576,60 DPI,-0.0571577287418878,0.157045852890736,0.198695197611713,0.194486729139109,0.148396515844402,0.154504270661032,0.276535635709995,0.204717424512924,0.299071202525303,0.0896287517039786,0.210629397401495,0.418506381275501,0.159346438653451,0.00221350574905986,0.00804310228434391,56.4123487528276,59.032701270704,1.54985650408969e-05,0.00239171402069354,0.529600024669482,0.00255090334181385,0.55912758643006,0.00403831848062063,0.00661919871259621,0.0033171901805098,0.00189011522871153
1575\1575_20260626_2025-06-26-165346-0000DLC_resnet50_Wheel_runningJul16shuffle1_100000_filtered.csv,1575,Training video,-0.237332549917442,0.0927945301222056,0.263639702957053,0.138611723203921,0.109665357526305,0.262593769354519,0.158143374845605,0.257891902522901,0.445831723403254,0.241783854486578,0.209379203392754,0.447792918276744,0.237157728067272,0.00170804695079458,0.0071457373462279,57.6466510700979,59.5816496128428,2.98013242164136e-06,0.00217267901373967,0.533641489167795,0.0125210653833333,0.538623349382569,0.00773526793802333,0.00853085048562044,0.00671912785247851,0.00536427440508543
1575\1575_20260627_2025-06-27-154228-0000DLC_resnet50_Wheel_runningJul16shuffle1_100000_filtered.csv,1575,Training video,-0.102028186258199,0.0711453766431275,0.287320657407791,0.114345726981135,0.090600948201544,0.268835975699719,0.119264001422329,0.176726099803177,0.606143059306655,0.206007795616022,0.265978421170947,0.572826701764081,0.169955594832412,0.00302391886593075,0.00551707720369431,57.259902808063,59.1472301820161,2.0759243580859e-07,0.00102324094206735,0.530131781005508,0.00388521272845437,0.545840394696081,0.00381309008710742,0.0039805311687768,0.00221859433211939,0.00154883000544184
1575\1575_20260628_2025-06-28-154022-0000DLC_resnet50_Wheel_runningJul16shuffle1_100000_filtered.csv,1575,Training video,-0.17211810900885,0.0972855688812307,0.272099792657334,0.127123344217471,0.119436116247409,0.240422637934615,0.135442710136645,0.193358087750369,0.606830128470818,0.202688614367019,0.304565779716142,0.547748994696233,0.153289860866662,0.00348559781320611,0.00924910334158226,60.4620369981161,63.2336475740287,7.01928911642836e-07,0.00113483602437398,0.534756121804191,0.00383418317999084,0.543812584111196,0.00521611531245104,0.00511293940517179,0.00280103481613671,0.00231954724883354
1575\1575_20260629A_2025-06-29-131051-0000DLC_resnet50_Wheel_runningJul16shuffle1_100000_filtered.csv,1575,Training video,-0.178678703398134,0.112934849458663,0.253820103326681,0.14685495061613,0.138493997987214,0.232577548651197,0.162313230996822,0.253174553361438,0.589492591756445,0.236964462267673,0.316528707747774,0.509780273084212,0.146954626249441,0.0098605596432133,0.00564138379471862,60.2282601304128,62.7484907328352,-3.27363305048799e-07,0.00116623704810843,0.534602293916386,0.00346064299606664,0.543229306032919,0.00449568942719628,0.00420479187602475,0.00221006581084859,0.00227051205524787
1575\1575_20260629B_2025-06-29-190900-0000DLC_resnet50_Wheel_runningJul16shuffle1_100000_filtered.csv,1575,Training video,-0.281536809266961,0.0968150431105589,0.259651365821172,0.149045361191167,0.162050169303267,0.244804549082378,0.171065275614515,0.244474485272012,0.59505076419745,0.23638290624224,0.309950271776862,0.535096838692,0.136786266008875,0.0186255110658523,0.00862714382796399,62.674317729293,66.3594012145393,5.11078658434952e-07,0.00215317820811641,0.530817089614557,0.00714467389211888,0.550161835656359,0.0095924911049709,0.00940904904399934,0.0037567405403133,0.00359622873696319
1575\1575_20260630_2025-06-30-160157-0000DLC_resnet50_Wheel_runningJul16shuffle1_100000_filtered.csv,1575,60 DPI,-0.159567624481889,0.221652990668734,0.268153135157026,0.150249965014683,0.231007335058147,0.248485929024577,0.215564949959369,0.286353981464237,0.637882274653089,0.256454553821562,0.380407425799192,0.560513387342546,0.139967872360003,0.00963322897335276,-0.00601333569685155,57.0287126953093,59.2488164294139,4.95190444976742e-07,0.000869959774308289,0.532162083568659,0.00231790116487213,0.543254639222292,0.00285187997867149,0.00282764303834284,0.00197935012683999,0.00181777052464897
1578\1578_20260626_2025-06-26-181738-0000DLC_resnet50_Wheel_runningJul16shuffle1_100000_filtered.csv,1578,Training video,-0.161455472530365,0.119362419505874,0.243454505976634,0.201988514891048,0.0862096165260671,0.241787725714678,0.175914645547064,0.165746050971714,0.59088041039841,0.198415531552924,0.217674362798159,0.539831667465905,0.177986003472985,-0.00956074278469677,-0.0248123991864787,55.0673095087515,58.5580405910424,3.79181012777107e-06,0.00179448531328038,0.530443715781609,0.0166399353482821,0.56237064323881,0.0112114068878284,0.0110553506747378,0.00552767533736889,0.00708823746827541
1578\1578_20260627_2025-06-27-163707-0000DLC_resnet50_Wheel_runningJul16shuffle1_100000_filtered.csv,1578,Training video,-0.0592009776183272,0.101622973274316,0.260036845606144,0.120887940912995,0.18107415357239,0.207956430858818,0.163370040615818,0.160186375888811,0.701050722314922,0.160183559215567,0.276669834726825,0.619643220191637,0.228985071139913,0.0176275751744128,0.00566608443743873,55.4470401382798,57.8343372009719,-3.11053639746488e-07,0.000938700364510398,0.530835189415663,0.00156408605204602,0.53730013847023,0.00241458912184009,0.00172849707937061,0.00113337856739433,0.00107652011083608
1578\1578_20260628_2025-06-28-163309-0000DLC_resnet50_Wheel_runningJul16shuffle1_100000_filtered.csv,1578,Training video,-0.0844501649028883,0.0971142492126127,0.248916608340246,0.132147292479984,0.137940530189412,0.198318376567853,0.140573141329911,0.223331902000767,0.666097514167947,0.172855346389946,0.338315681369861,0.577124556789302,0.240966635552132,0.00675173702589758,0.00421824129850104,57.4343984962406,59.7565789473684,-5.31582874167242e-07,0.000992521778340413,0.529503947992579,0.00177728864732163,0.535731147071838,0.00324436090225564,0.00262781954887218,0.0012406015037594,0.00119548872180451
1578\1578_20260629A_2025-06-29-140137-0000DLC_resnet50_Wheel_runningJul16shuffle1_100000_filtered.csv,1578,Training video,-0.089712344916428,0.148689257626068,0.255915746609705,0.136876765926783,0.19434886974142,0.179557882833821,0.155564790245029,0.166564762020569,0.662924536995593,0.156193726088871,0.311952652204961,0.567497433150808,0.256390823795182,0.0149431446091564,0.012240766909827,57.2016149477261,59.4435468308354,2.33041520504653e-07,0.00117439272679411,0.534262197108015,0.00185697177169468,0.540077706164038,0.00305356798256401,0.00293626859289922,0.00186543868079809,0.00158164983483489
1578\1578_20260629B_2025-06-29-181710-0000DLC_resnet50_Wheel_runningJul16shuffle1_100000_filtered.csv,1578,Training video,-0.0947149049467278,0.145476012174072,0.23931004071452,0.134950193512679,0.164079011121944,0.185602420621279,0.151347218254613,0.195859959879237,0.646961878645313,0.166905154515174,0.309391647969122,0.585932036258248,0.197172524058409,0.0114408403743288,0.00440000256559918,55.9074066348338,59.1305765941389,-6.46526771029957e-07,0.00240911542704179,0.528623578884383,0.00232487001995531,0.545473234339845,0.00293170604052809,0.00295066921025983,0.00164979576666199,0.00134259241700769
1578\1578_20250713_2025-07-13-161517-0000DLC_resnet50_Wheel_runningJul16shuffle1_100000_filtered.csv,1578,Training video,-0.0545264215254073,0.325774435177383,0.296282726553246,0.224638937785084,0.258519285868987,0.216259570469175,0.191547988303821,0.159577746890745,0.667296816966101,0.286642801107296,0.506544210545232,0.559249197286246,0.224272822103557,0.0209647129317715,0.00840336134453775,54.8884574967311,59.0413200600027,-2.93704759872854e-06,0.0206406068684019,0.537937590336262,0.00257817540154293,0.52956738293181,0.00794955920456277,0.00424350839476661,0.00218993911487955,0.00403494276477808
1578\1578_20250718_2025-07-18-142224-0000DLC_resnet50_Wheel_runningJul16shuffle1_100000_filtered.csv,1578,60 DPI,-0.0364351145411776,0.170027589496013,0.211387615831177,0.155483195196969,0.104767510354818,0.151470156404986,0.271141432366184,0.139662393772234,0.629457848781984,0.180437283790628,0.309644653800643,0.405952923902922,0.0486698843672403,-0.011065746064998,0.00325004368338287,55.9180014343772,57.00653438521,4.71134086401316e-07,0.000530804514867777,0.525881025899643,0.00122730288327771,0.518354542868957,0.00151406486572635,0.00650251016017213,0.00160969001514065,0.00541078970435891
1579\1579_20260626_2025-06-26-174948-0000DLC_resnet50_Wheel_runningJul16shuffle1_100000_filtered.csv,1579,Training video,-0.133204685630376,0.0845790108856717,0.25903648894575,0.225421004986687,0.116733211105579,0.234734413915243,0.266061007946465,0.376503799345364,0.43821908509849,0.232575802521531,0.211337286498994,0.444134324754482,0.313501884290742,0.0184559935372952,0.0287510809307065,57.8740629445519,59.6107124018989,-3.90357120057001e-06,0.00675651541206478,0.533241864517017,0.0466007077578839,0.512723344048195,0.0186531975768425,0.0140977894282563,0.0214423860748366,0.00929463101193996
1579\1579_20260627_2025-06-27-171609-0000DLC_resnet50_Wheel_runningJul16shuffle1_100000_filtered.csv,1579,Training video,-0.0627394058699361,0.0557453502741768,0.247896300836679,0.236803162683538,0.0944587531640142,0.196132834814306,0.27117894630388,0.439666627512816,0.381256173220585,0.136541000653687,0.127066622482346,0.53528138745966,0.207980056105472,0.0387107109672872,0.0214213845660654,59.4667408468738,60.0286178093467,-2.73481716606025e-07,0.00167899575144812,0.529361051950274,0.013123508644023,0.526515291585568,0.00876444227662104,0.00559018992165351,0.0114052068408377,0.00283129591805628
1579\1579_20260628_2025-06-28-165902-0000DLC_resnet50_Wheel_runningJul16shuffle1_100000_filtered.csv,1579,Training video,-0.0401469589209502,0.0544572310584828,0.248307641606239,0.214336116181587,0.123918545907949,0.201899910168651,0.241987030398267,0.388389486478972,0.304447655382729,0.180032945793659,0.148153987922644,0.480325881837496,0.223660545323729,0.022434389834636,0.0219860339268645,57.0559819103741,58.7389414218933,-1.65498089216887e-06,0.000923801329099857,0.532590058959257,0.00321586142860752,0.531092651327969,0.00479649170892147,0.00220790888188449,0.00761728564250148,0.00161786426689812
1579\1579_20260629A_2025-06-29-142420-0000DLC_resnet50_Wheel_runningJul16shuffle1_100000_filtered.csv,1579,Training video,-0.0350531665251619,0.0754420634711201,0.277358047412393,0.251474815930854,0.172231340353618,0.214535074370311,0.252935692072276,0.342125813311008,0.462335989699862,0.138217887808335,0.163393712270469,0.535709543904799,0.197610051261021,0.0102530058272479,0.0271106455055465,56.8781060845885,58.4336752012876,-6.73647943945172e-07,0.0010758285701084,0.531901807353384,0.00233871826848001,0.526142150347713,0.00549989129895838,0.00213206604446445,0.00358904140937575,0.00160572415871115
1579\1579_20260629B_2025-06-29-184336-0000DLC_resnet50_Wheel_runningJul16shuffle1_100000_filtered.csv,1579,Training video,-0.0690116678984463,0.0757356788652818,0.272724428393212,0.209765742151216,0.174104642278446,0.229441928505295,0.215338442084619,0.246186765456112,0.556518997638547,0.147437341805953,0.187175313588475,0.567721481961312,0.191542782789745,0.0132594646815508,0.0170996112479337,59.5274608698889,61.1354711432879,9.23851457422777e-07,0.0014560377385719,0.5328238201865,0.00299810410225194,0.533517013738295,0.00584764847108745,0.00257951648024418,0.0028437959464741,0.00178667808155441
1579\1579_20250713_2025-07-13-145337-0000DLC_resnet50_Wheel_runningJul16shuffle1_100000_filtered.csv,1579,60 DPI,-0.0210214372373223,0.327989286771502,0.261194882974385,0.228303510106322,0.162948193471758,0.201903517010098,0.251834638381444,0.26550857556618,0.638667877649736,0.160738932819194,0.265324043238934,0.622614917232535,0.365552873397702,0.000783414006323283,0.0384516197290202,55.2599029036148,58.4545749713968,-3.7377841745609e-06,0.0282998018829132,0.521527261347297,0.00202797202237012,0.523294192106075,0.00575929991650948,0.0138918952348557,0.00110547635981323,0.00196357339435357
1778\1778_20260413_2026-04-13-143402-0000DLC_resnet50_Wheel Running ProjectAug6shuffle1_100000_filtered.csv,1778,Training video,-0.117622295324553,0.122303094146668,0.215504179645809,0.14993557386814,0.149754607131759,0.186314853857071,0.192116494478348,0.30748062223825,0.432966287498791,0.151697095221527,0.201835687733293,0.394770723770509,0.202911755224734,0.00131215424076392,0.0026691149949176,57.3223923922411,57.634594741696,-6.91142597375659e-06,0.000747243711008692,0.534502247331968,0.00716687580080824,0.530970635191206,0.00371165505042106,0.00400647082835674,0.00565441543322801,0.00419545530139244
1778\1778_20260414_2026-04-14-150621-0000DLC_resnet50_Wheel Running ProjectAug6shuffle1_100000_filtered.csv,1778,Training video,-0.230030803261711,0.133907007902625,0.24100818558436,0.116755266900756,0.125470857390678,0.211228640032086,0.159378590604666,0.22107343520466,0.566668189935318,0.129894640867657,0.204720419447742,0.476145029888853,0.180185780788372,0.00620043642556807,-0.00327726974793657,57.3359780286848,59.9416386939274,-2.4182676997285e-06,0.000969615823661201,0.529915974086136,0.00466882967811543,0.524078269467087,0.00620994812328349,0.00803326212999695,0.00401281660054928,0.00411199267622826
1778\1778_20260415_2026-04-15-150900-0000DLC_resnet50_Wheel Running ProjectAug6shuffle1_100000_filtered.csv,1778,Training video,-0.348032497625242,0.119413858153584,0.223955645079585,0.126223172123781,0.119832063258106,0.208946314177044,0.149652131427947,0.252591568524063,0.520825891220192,0.133754349510983,0.215198535234841,0.44452491288725,0.162279798251748,-0.000949342053215828,-0.00732145154669493,58.9865837060082,63.4722924363212,7.0118762903703e-07,0.00133090412605019,0.528418578105576,0.00725017033280235,0.530085890420054,0.00847754229049193,0.0108652537429516,0.00486097608399767,0.00598094497375073
1778\1778_20260416_2026-04-16-134335-0000DLC_resnet50_Wheel Running ProjectAug6shuffle1_100000_filtered.csv,1778,Training video,-0.72416693014667,0.120759072575564,0.220628284329308,0.128925517188841,0.117024958120052,0.20261346627825,0.145911256670227,0.242818543223655,0.509117860235873,0.145457757609574,0.207195509207734,0.430136944274986,0.132930155544144,-0.00422843687095661,-0.0121065375302664,59.5428881568533,67.4017593981562,8.89820564984681e-07,0.00170351553209047,0.531298826905141,0.0209442020075362,0.525933965026192,0.0176392103061232,0.0241596876201389,0.0105759880596115,0.0119328503908517
1778\1778_20260417_2026-04-17-162343-0000DLC_resnet50_Wheel Running ProjectAug6shuffle1_100000_filtered.csv,1778,Training video,-0.928777183951292,0.139946142785184,0.242943130286694,0.130434805626406,0.125523883326123,0.218432273935667,0.1581930995962,0.296155619786949,0.526499970401997,0.106664241239119,0.223778318493455,0.447394450654086,0.168661886765204,-0.003718809210315,-0.0218834970272875,61.1571124431421,68.9086424020551,-7.52700359899371e-07,0.00247822951436839,0.539393608822216,0.0316518596638526,0.523733298103834,0.0194750610805163,0.0273939241580316,0.0110298450008249,0.0137087461014526
1778\1778_20260421_2026-04-21-183832-0000DLC_resnet50_Wheel Running ProjectAug6shuffle1_100000_filtered.csv,1778,60 DPI,-0.725541328593004,0.125790348915766,0.200020247039032,0.0955166029171667,0.13379559088371,0.190516530081326,0.12414934711325,0.181026022970594,0.483289591393621,0.13642647754977,0.208916473513899,0.463701807570203,0.0898273663412334,0.0107766449519289,0.0148200040186159,63.9180842994907,71.2594616349086,-1.73244941295082e-06,0.0018298741199888,0.535460769496917,0.0244006959872137,0.517741260031361,0.0182654056313174,0.0247124746528799,0.0153785427921304,0.0144807516678792
1778\1778_20260724_2026-07-24-152702-0000DLC_resnet50_Wheel Running ProjectAug6shuffle1_100000_filtered.csv,1778,150 DPI,-0.431042504682028,0.0942892360440009,0.229993025554383,0.0971266996118845,0.152976874699926,0.213667565887906,0.1256757015554,0.223036073489616,0.501954887225938,0.12899524120619,0.196928912334226,0.476089707957569,0.105029238446466,0.00448852674220474,0.0177362937006854,62.8454166666667,67.5404166666667,-2.56716089290652e-06,0.00110995804085964,0.528644002800303,0.0160284963847304,0.51159911970035,0.0116333333333333,0.01385,0.012925,0.00741666666666667
1778\1778_20260724_2026-07-24-152702-0000DLC_resnet50_Wheel Running ProjectAug6shuffle1_100000_filtered.csv,1778,LDOPA,-0.500818583948014,0.114948438122447,0.232705059908152,0.0886237212468136,0.142625444299315,0.216375216946041,0.108491432704435,0.193416901634013,0.449930777312238,0.126338731245468,0.212102161828918,0.401898815396568,0.111434590851759,0.00937611062647413,0.011644327429392,64.4807126607278,69.6327530603912,-7.8830529299193e-07,0.00152726209144386,0.527517944903913,0.0273624219907419,0.513933793088226,0.012333230556412,0.0128915592370064,0.0127332272231065,0.00919159007008275
1564\1564_20250709_2025-07-09-134234-0000DLC_resnet50_Wheel Running ProjectAug6shuffle1_100000_filtered.csv,1564,Training video,0.00808432319703077,0.0638186891030464,0.283423325292081,0.134021076393079,0.115685473148095,0.233444266762707,0.196743863445983,0.156516039980397,0.490287204875108,0.191349037813343,0.159669831986887,0.450182700159293,0.250625799773055,0.00246741191498148,0.0116256762460193,51.7057061984658,53.4581777905403,-1.62215777241973e-06,0.00721376242300652,0.530449252652488,0.0162485385664339,0.547446459423337,0.0159658694671206,0.00714608032161464,0.00587438979365796,0.00180498010419658
1564\1564_20250710_2025-07-10-171626-0000DLC_resnet50_Wheel Running ProjectAug6shuffle1_100000_filtered.csv,1564,Training video,-0.0472921560149728,0.189807090430734,0.359868463500149,0.201245701062485,0.224806583522629,0.361795894523519,0.253461586726319,0.237673700520086,0.508062208126517,0.222794830747752,0.265545640812668,0.528431980313215,0.219494036042813,0.0326804293971925,-0.00587816173851083,56.3222282580386,58.4865645208099,-3.70382043537222e-06,0.0143151583198683,0.532851154076755,0.0225750536669702,0.53879198212497,0.0188119032913389,0.0149274833870356,0.00699493239472255,0.00761257004234166
1564\1564_20250711_2025-07-11-133013-0000DLC_resnet50_Wheel Running ProjectAug6shuffle1_100000_filtered.csv,1564,Training video,-0.0457739794719007,0.436631441645296,0.445032648551507,0.352086690820827,0.240149681346261,0.293667371065362,0.345390226078301,0.489718852320812,0.604058143658304,0.201360326217222,0.385553417410983,0.518455529388567,0.272338902652239,0.0286815283426219,-0.0144644083951748,57.7162148456177,58.5250735326079,5.77468329351325e-07,0.0154415751155713,0.535401175697478,0.017923762768119,0.527745603538599,0.0177854731442978,0.0125983453352073,0.00445542402596462,0.00828056855557326
1564\1564_20250712_2025-07-12-183333-0000DLC_resnet50_Wheel Running ProjectAug6shuffle1_100000_filtered.csv,1564,Training video,-0.0169721229911541,0.184895491207627,0.223535387702742,0.231485022784025,0.2337974236048,0.191550510844487,0.322051286558384,0.168673472524869,0.336562598586446,0.19264705505393,0.194751752201646,0.355273990938313,0.258470793937973,0.000775264183493118,-0.000141232488852739,55.1321149951097,57.2553504455175,1.66152647483498e-06,0.012588338835588,0.517935565431209,0.0326985614904171,0.524393202689557,0.0154641160116751,0.0206239555175627,0.00773975925883141,0.0123605110551487
1564\1564_20250713_2025-07-13-170755-0000DLC_resnet50_Wheel Running ProjectAug6shuffle1_100000_filtered.csv,1564,Training video,-0.0483275345054603,0.198490924261302,0.340161217107387,0.244825347724013,0.288097671365892,0.298762964046058,0.282782140400614,0.282294753254023,0.517706397398183,0.275330776304459,0.272205433013309,0.524034404843443,0.271610416423259,0.00211443859497711,0.00434952868451239,55.188892681649,56.7606830143446,4.56544238804723e-06,0.0327972438786689,0.532791372118877,0.0230367715272102,0.526286214135481,0.011915440855435,0.0181946638512038,0.00781132165339642,0.00828762175421327
1564\1564_20250714_2025-07-14-123836-0000DLC_resnet50_Wheel Running ProjectAug6shuffle1_100000_filtered.csv,1564,Training video,0.00285717990844149,0.134523335336783,0.297322545562868,0.190697817171301,0.232835227614993,0.251350860597913,0.303048135211442,0.168623171153584,0.365575460116191,0.20867475261528,0.0854431416801698,0.379847375626401,0.271237121937499,-0.00120327778962443,0.000534771110638981,53.1796495945957,55.2852410150903,-8.363113309604e-06,0.0384376498345359,0.526374056764045,0.0130642116082371,0.520104016756748,0.0138752764120301,0.0147662748973327,0.0130733777752578,0.0058481900580769
1564\1564_20250715_2025-07-15-151401-0000DLC_resnet50_Wheel Running ProjectAug6shuffle1_100000_filtered.csv,1564,Training video,-0.0163807593147273,0.318174195630997,0.451879566273458,0.338195667681773,0.441743117669689,0.328651763712468,0.591014358941224,0.179785654939369,0.391660704147587,0.217203440120972,0.065668946092711,0.463629357923339,0.264749250161419,0.00160284709110424,-0.00466649431230621,54.6544517776672,57.4317552468838,7.42864815531046e-06,0.0246685833064424,0.519161388482837,0.00721378108081525,0.527513301957051,0.011306691215228,0.0120416632640183,0.00555312214641534,0.00304382363640413
1564\1564_20250716_2025-07-16-124626-0000DLC_resnet50_Wheel Running ProjectAug6shuffle1_100000_filtered.csv,1564,Training video,-0.015156063654871,0.0857341314138843,0.211954576436489,0.227648402714681,0.277177080238543,0.165101490611299,0.19329108919272,0.402809274840397,0.119382537984907,0.188350334926478,0.18685784065354,0.187578371003483,0.127227576305292,0.00842713824179555,-0.0144440443324131,55.3174758450471,56.4210035216567,-8.85359516581415e-06,0.01264397680025,0.533640969521053,0.0154415858767912,0.54281670686172,0.00505673780212503,0.0122204496884688,0.00463534298528128,0.0105047707913193
1564\1564_20250717_2025-07-17-110453-0000DLC_resnet50_Wheel Running ProjectAug6shuffle1_100000_filtered.csv,1564,60 DPI,-0.00608367744266145,0.323231420027436,0.391157595581852,0.210531356631445,0.304129210005026,0.275477595548426,0.320584635796007,0.391155517902588,0.204708016951298,0.142558248210809,0.0878871300537139,0.507745793689802,0.214745836195853,0.00488401377131752,0.000265913484688396,55.8842671309215,56.598547034274,-7.55607025326928e-07,0.00495686083330895,0.532630600481371,0.00428252886410087,0.517387360181868,0.00549946713742973,0.00381545870925228,0.00253008029547433,0.000577606755558448
1564\1564_20251009_2025-10-09-152123-0000DLC_resnet50_Wheel Running ProjectAug6shuffle1_100000_filtered.csv,1564,150 DPI,-0.0190866465463949,0.178832924825226,0.20294752243406,0.124771256225963,0.13919324816904,0.131640870387599,0.0763137360944503,0.318870795195315,0.497535695491193,0.130638244212116,0.140899460287462,0.413193177367996,0.224181650371841,-0.00833613589690381,-0.0288634911620643,58.2304166666667,58.6958333333333,5.6863867674125e-07,0.000586316635169579,0.530753106586953,0.0223482913601919,0.540505177271034,0.005425,0.00190833333333333,0.00250833333333333,0.00395
1564\1564_20251009_2025-10-09-152123-0000DLC_resnet50_Wheel Running ProjectAug6shuffle1_100000_filtered.csv,1564,LDOPA,-0.720968667978282,0.184347811316408,0.220770935758304,0.170044585699912,0.197138947015581,0.237628416382028,0.14080505566516,0.321421812702029,0.538745733258483,0.201499464815584,0.244815740679366,0.453346622624544,0.173412421809667,0.0029773175413626,-0.0555338075076938,63.8153015391538,69.1840067999433,5.91387704690618e-06,0.00234468399567394,0.515812652198216,0.153238211653625,0.549226881684608,0.0284830959742002,0.024933125557287,0.0176665194456713,0.0271914400713327
