FilePath,ID,AuthorsNote,StrideSpeed,StrideLengthFR,StepLengthFR,StepWidthFR,StrideLengthFL,StepLengthFL,StepWidthFL,StrideLengthBR,StepLengthBR,StepWidthBR,StrideLengthBL,StepLengthBL,StepWidthBL,TemporalSymmetryF,TemporalSymmetryB,DutyFactorF,DutyFactorB,AngularVelocity,NoseLateralDisplacementBR,NoseLateralDisplacementPhaseOffsetBR,TailLateralDisplacementBR,TailLateralDisplacementPhaseOffsetBR,StrideCountPerFrameFR,StrideCountPerFrameFL,StrideCountPerFrameBR,StrideCountPerFrameBL
1715\1715_20260305_2026-03-05-140706-0000DLC_resnet50_Wheel Running ProjectAug6shuffle1_100000_filtered.csv,1715,Training video,-1.00035056975672,0.134316291407753,0.15704642765934,0.212504920974885,0.107313271847073,0.147034387016705,0.213891424388621,0.233339172330168,0.192841008878615,0.498516138659419,0.263081016914722,0.15377035791917,0.434588426753072,-0.00133532125520195,-0.00291860748156074,86.0424936397759,91.3857297736235,-1.22935952085931e-06,0.0145970438637436,0.532593373680106,0.160009746245635,0.489722656989503,0.0273543627465802,0.030166251290402,0.0171607268580709,0.0238729769304198
1715\1715_20260306_2026-03-06-123843-0000DLC_resnet50_Wheel Running ProjectAug6shuffle1_100000_filtered.csv,1715,Training video,-0.97550087796598,0.150185457058835,0.171429790890256,0.215188236988326,0.10799506960617,0.144653293987994,0.208869078941505,0.236960846173909,0.214186946061484,0.459915659341891,0.284078426949391,0.146495952984545,0.388209849528804,-0.00158530870126187,-0.00259022245439901,86.6090398877531,92.086590499098,3.62947739960998e-07,0.0167047175026389,0.531526268982529,0.153827530574178,0.495295413972905,0.0270244537983564,0.0294297454399679,0.0174433754259371,0.0239827620765685
1715\1715_20260303_2026-03-03-133957-0000DLC_resnet50_Wheel Running ProjectAug6shuffle1_100000_filtered.csv,1715,Training video,-0.0962119087514155,0.0826918645715835,0.163755901568134,0.250199141132628,0.116254142098244,0.193822558963301,0.241018863811972,0.382701643404645,0.169340702581609,0.260070794262134,0.140153985081801,0.216113404739103,0.494755230944536,0.0024545835077438,0.0112507158015293,98.0435610537651,97.4673653245082,-2.64566057336222e-06,0.0062095998503091,0.498240808602384,0.069800302678106,0.514752431456738,0.00566674546266383,0.00613295511254695,0.017545242035038,0.00470149449741286
1715\1715_20260302_2026-03-02-141323-0000DLC_resnet50_Wheel Running ProjectAug6shuffle1_100000_filtered.csv,1715,Training video,-0.0790070948147505,0.104008886287713,0.233531980895816,0.194335481277877,0.152620542187808,0.284257755386278,0.172168567371015,0.395046514577408,0.206610439617512,0.161475512471509,0.215807519537576,0.325748812696945,0.165310974916467,-0.000322616151303201,0.013459797105453,97.522615892569,96.4702921188611,1.8019143953773e-07,0.00807380631403999,0.512838891554139,0.210951982795416,0.511628206274411,0.00784708547400838,0.00892050754356613,0.0239336106957256,0.00921662397654758
1715\1715_20260304_2026-03-04-131724-0000DLC_resnet50_Wheel Running ProjectAug6shuffle1_100000_filtered.csv,1715,Training video,-0.36991615144946,0.112742794929192,0.124134510082208,0.227295645987736,0.143472527570273,0.158667156145463,0.220829025659826,0.235614334623986,0.171280860546299,0.54720978713212,0.2332465193542,0.183397559012603,0.494298683251335,0.00282510355824393,-0.00132636672980676,94.8643960506737,96.9997780353664,2.46569474454251e-07,0.0144467741728603,0.532692235733562,0.11740530687108,0.502109649729203,0.010539209641486,0.0110900107693952,0.00633010251477709,0.00827023783099448
1715\1715_20260312_2026-03-12-184551-0000DLC_resnet50_Wheel Running ProjectAug6shuffle1_100000_filtered.csv,1715,60 DPI,-0.449320790170595,0.149550418370808,0.142156663414675,0.185998323456066,0.192585667869633,0.184654292251853,0.141058343216403,0.277282776759951,0.119346056822632,0.291498721216077,0.24985377383335,0.195914226584409,0.319415217365446,6.07221073000095e-05,0.000738590768813077,93.134793165332,94.4355215732404,-5.59521452028036e-07,0.00698355996858158,0.501551949391377,0.169702216127765,0.512829917302589,0.0156313622585169,0.0141308118053356,0.0162270581670663,0.0117027854439066
1716\1716_20260302_2026-03-02-144302-0000DLC_resnet50_Wheel Running ProjectAug6shuffle1_100000_filtered.csv,1716,Training video,-0.184763964714464,0.108593304574843,0.191604067669774,0.277900183785003,0.150762793440509,0.17137427390655,0.29387471186268,0.21328476636935,0.219626810604621,0.481115442146797,0.182445741872741,0.190262487244676,0.469739518836298,0.00154772513267504,-0.00206676583328569,96.6130820012688,97.478546382338,-6.16873932105333e-07,0.0143315072545926,0.509132745317778,0.19531770379383,0.506077851140549,0.0086511582513646,0.00886029181102692,0.00636463133238991,0.00865812937002001
1716\1716_20260303_2026-03-03-140644-0000DLC_resnet50_Wheel Running ProjectAug6shuffle1_100000_filtered.csv,1716,Training video,-0.718035094892689,0.120087711380747,0.137817205727442,0.285684481700635,0.125616522551358,0.14623083596668,0.286649079466297,0.247887652424475,0.16935480403787,0.543898591334485,0.216438306962658,0.156284124650947,0.515200096578727,0.00343970065307834,-0.00149692299162835,89.3615695613646,93.6513485821887,-2.77690338406915e-06,0.00989965263156339,0.536995257746124,0.137864505567459,0.474268798891626,0.0218902303943288,0.0228525143996455,0.0119420137350465,0.0134719760744351
1716\1716_20260304_2026-03-04-133836-0000DLC_resnet50_Wheel Running ProjectAug6shuffle1_100000_filtered.csv,1716,Training video,-1.35676499948911,0.139410962851538,0.13424763357455,0.290253695429317,0.14808233554368,0.161412647416886,0.289126762759657,0.230427502461177,0.128585362924114,0.488958625580614,0.20876751214804,0.166401233117321,0.46907150744131,0.00188472194200166,-0.00398107600151832,83.7425411268256,89.021033198167,7.50161706517843e-07,0.0102277536773437,0.514992502874483,0.149172850674287,0.466361817220126,0.0304536313585864,0.0313272673326081,0.0206623149704942,0.0228628886031715
1716\1716_20260305_2026-03-05-144641-0000DLC_resnet50_Wheel Running ProjectAug6shuffle1_100000_filtered.csv,1716,Training video,-2.57752458392844,0.115774028440926,0.133794264789598,0.24121382804101,0.162460847719359,0.156984633784331,0.237328524754243,0.251297130920787,0.0756713642179377,0.378527724254947,0.155702515683954,0.154632982589965,0.350838464465911,-0.0116025454833513,-0.00716015838405712,70.9588086280035,77.5107550252575,-2.668946641511e-06,0.0100094377630508,0.528584436915928,0.188625034640727,0.496262068057497,0.0624615891955091,0.0506198192256382,0.0384108044908788,0.0529207200995308
1716\1716_20260306_2026-03-06-131506-0000DLC_resnet50_Wheel Running ProjectAug6shuffle1_100000_filtered.csv,1716,Training video,-1.31669198202339,0.130192013657459,0.128172646080356,0.243910529459313,0.16754999505657,0.170636776824057,0.234851446058,0.248558936545263,0.106501304292682,0.492875936501402,0.187768005067195,0.210906508801901,0.46095156561793,0.00332287333673889,-0.00737462448301726,84.8714200772966,89.7528325570641,9.75139285543335e-07,0.0132059005978902,0.4943965663003,0.174820819649237,0.397992132683058,0.0312076768077164,0.0310838040498134,0.0192580847619991,0.0247497770290358
1716\1716_20260313_2026-03-13-151617-0000DLC_resnet50_Wheel Running ProjectAug6shuffle1_100000_filtered.csv,1716,60 DPI,-0.487470290060606,0.143097420691184,0.137406615621073,0.226024682089197,0.207490133590829,0.210220663442723,0.1998870715721,0.284817326372283,0.12908102710648,0.390053876386949,0.27526243530412,0.191847786331596,0.421679560335953,0.00163439275098739,0.000502721425037139,93.7296777730218,94.8527037479255,1.1049545533554e-06,0.00692961220455039,0.507973389327749,0.145176745274889,0.475284538702391,0.0115494078863382,0.0117296327168142,0.0144930801174465,0.0109261303476086
1777\1777_20260413_2026-04-13-140813-0000DLC_resnet50_Wheel Running ProjectAug6shuffle1_100000_filtered.csv,1777,Training video,-0.327390563684134,0.101218921987752,0.132048872422052,0.251460933369275,0.147635608365299,0.149157731956287,0.239565095519113,0.182726330259993,0.117439428171306,0.500283962646095,0.162982447285507,0.157254541720114,0.467534685719806,0.00440060322875722,-0.00281243649664701,95.1748641165813,96.4909528702186,-9.80490563768929e-07,0.00826596579195178,0.521695228118962,0.14785647407382,0.501028102822682,0.0106510639299132,0.00956085930085726,0.00736476364520506,0.00822751550992557
1777\1777_20260414_2026-04-14-144132-0000DLC_resnet50_Wheel Running ProjectAug6shuffle1_100000_filtered.csv,1777,Training video,-0.262744912810722,0.0937004253393364,0.12333543570352,0.23996288469133,0.139797971480871,0.128071530627369,0.247087743467563,0.209194018488744,0.137151649773625,0.552583852066833,0.200486404034485,0.15419822816283,0.477170897903603,0.00263651713344382,-0.001175967088344,96.0306532436459,97.5730967751644,-2.124122956531e-06,0.00875464564392173,0.540864070551008,0.146544059142221,0.485063285736072,0.00853234616947316,0.00651588340631725,0.00449189652837344,0.00586128541977036
1777\1777_20260415_2026-04-15-144353-0000DLC_resnet50_Wheel Running ProjectAug6shuffle1_100000_filtered.csv,1777,Training video,-0.443269231966889,0.0860885481612298,0.127507261719599,0.232407478553426,0.153038304636287,0.14144211880906,0.222096404275326,0.239491010201833,0.140110611019167,0.571633783957857,0.244171221322826,0.126906549943353,0.505584423149305,0.000955646747990355,-0.00269040709075218,94.2542047019998,96.4999924307795,-3.32263531992842e-07,0.010273897622589,0.517425913466227,0.124909449799631,0.493567605849274,0.0121258912757164,0.00966589460617346,0.00628245303298666,0.00674417548480857
1777\1777_20260416_2026-04-16-131737-0000DLC_resnet50_Wheel Running ProjectAug6shuffle1_100000_filtered.csv,1777,Training video,-0.953622939442962,0.100053133587195,0.127852486135435,0.232882748085964,0.173247443206643,0.150244208546338,0.225174984780834,0.263572711863611,0.100553822300848,0.5205358376184,0.208151332784463,0.144051540547711,0.464861962640242,0.00692745131828364,-0.00565438793730573,88.0035789840841,91.7251158241142,5.11998250414556e-07,0.00727932968693077,0.51507595762518,0.197555460788335,0.494651445188974,0.0249618974681721,0.0202227765940507,0.0123596272397085,0.0158703679832576
1777\1777_20260417_2026-04-17-160001-0000DLC_resnet50_Wheel Running ProjectAug6shuffle1_100000_filtered.csv,1777,Training video,-1.48776299091346,0.108468078198432,0.141446177432251,0.217264929290506,0.188241337393814,0.154311111100691,0.213026343591878,0.262425817402622,0.106360327479046,0.53110503003528,0.207867036104391,0.140257692020336,0.464231620005156,0.0133137774413323,-0.00572153988876514,82.2482858454809,87.6685941987252,-1.04615103176786e-06,0.010686166622004,0.528122621865758,0.269551212199512,0.537881209625869,0.0373183696658858,0.0257142634778074,0.0194413529562842,0.0269205924242542
1777\1777_20260421_2026-04-21-164851-0000DLC_resnet50_Wheel Running ProjectAug6shuffle1_100000_filtered.csv,1777,60 DPI,-0.738183407307215,0.138170050855271,0.132043456536529,0.176271710192222,0.160031931366532,0.113984968520126,0.189717941952193,0.275170400744038,0.0826103912023735,0.40311058325942,0.158627591013868,0.163836021570825,0.389646472986411,0.00497947134471176,-0.00326907716504312,89.5122099380391,92.2131272020411,-1.20009386712244e-06,0.00572333710192031,0.499113799807697,0.14500857886896,0.519267630627547,0.0188084679868789,0.0159382213582797,0.0141234357915199,0.0176694812294982
1715\1715_20260617_2026-06-17-191801-0000DLC_resnet50_Wheel Running ProjectAug6shuffle1_100000_filtered.csv,1715,150 DPI,-0.418290786692584,0.281272686905738,0.304425159818232,0.274648060716271,0.292721855347951,0.230947450585575,0.316077301626532,0.479717735912784,0.15054356263629,0.28067959840243,0.361476072926835,0.277074450495424,0.339077952447947,-0.00676910825143446,-0.0180912404530831,92.085,93.5075,-3.71833174330388e-06,0.071385794332635,0.501104453860687,0.531688611911471,0.499894635969669,0.0196083333333333,0.0199833333333333,0.019275,0.0312166666666667
1716\1716_20260616_2026-06-16-154859-0000DLC_resnet50_Wheel Running ProjectAug6shuffle1_100000_filtered.csv,1716,150 DPI,-0.0166844733184303,0.13764024492279,0.167540122086082,0.228243602043947,0.149170417767088,0.155773802487385,0.151614942093388,0.418667778982597,0.105149856656539,0.214183155369363,0.254515728282038,0.183627173115378,0.25617744517639,-0.0130144958205481,0.00915458214034216,98.4479166666667,98.8120833333333,4.85884557662229e-07,0.00206902177150582,0.497066788813129,0.0359758780921488,0.44834870707268,0.000716666666666667,0.0159,0.0114583333333333,0.000858333333333333
1777\1777_20260723_2026-07-23-152056-0000DLC_resnet50_Wheel Running ProjectAug6shuffle1_100000_filtered.csv,1777,150 DPI,-0.0502049675013882,0.361321926139251,0.274238450697442,0.321036756919006,0.212021923957817,0.203438931229952,0.341595561679401,0.246338275782132,0.378857220998684,0.510872007724926,0.419406520321784,0.182167565894158,0.323618118646652,-0.00264048119184408,-0.0128458288213686,98.7825,98.11875,-1.1657965067388e-07,0.00786242981629407,0.510164241772542,0.209812337889749,0.499236009611117,0.0012,0.00469166666666667,0.0015,0.0165916666666667
1777\1777_20260723_2026-07-23-152056-0000DLC_resnet50_Wheel Running ProjectAug6shuffle1_100000_filtered.csv,1777,LDOPA,-0.449396932790935,0.101797313868841,0.120258134633183,0.193037932987616,0.194009576252219,0.168524458982781,0.163050885479794,0.336872024979202,0.193643260817319,0.446261490790684,0.174235280702932,0.175396563557923,0.452566789167614,0.00806963950203429,0.0109335198938041,92.4754793710052,92.909225756452,2.55373085295024e-06,0.00328661641465738,0.498419083694064,0.0837932539243446,0.489407847891431,0.0142915475704369,0.0110999075007708,0.0305330788910092,0.0103665802784977
1716\1716_20260616_2026-06-16-154859-0000DLC_resnet50_Wheel Running ProjectAug6shuffle1_100000_filtered.csv,1716,LDOPA,-0.564238935927173,0.20675318676136,0.173701209822371,0.286137258051875,0.209211390443466,0.205532951839101,0.353231413771666,0.206397763602302,0.194203744327363,0.576019264232991,0.235210405376272,0.212719600643008,0.594588915682207,-0.00819368386379543,0.0094208884615558,91.0754910375747,92.3029808084933,-2.05830115665805e-06,0.0277557025063859,0.51967900406626,0.257576250039894,0.594483734825672,0.0158498679177674,0.0230248081265989,0.0134415546537112,0.0155915367371939
1715\1715_20260617_2026-06-17-191801-0000DLC_resnet50_Wheel Running ProjectAug6shuffle1_100000_filtered.csv,1715,LDOPA,-0.536736349949248,0.296251852888526,0.31550585090244,0.26506449133676,0.248959720215432,0.183845730385392,0.284040740294524,0.447203690955803,0.146716824226651,0.310705152224704,0.351137846483401,0.234352160446847,0.364890324568747,-0.00497324577964835,-0.0236344945745289,90.483412638228,91.1971566903609,-2.51960945477665e-05,0.0679426761316927,0.496332148027311,0.50370273732096,0.517250295561901,0.0206414946542112,0.0217914850709577,0.0235081374321881,0.0381663486137616
1559\1559_20250710_2025-07-10-115337-0000DLC_resnet50_Wheel_runningJul16shuffle1_100000_filtered.csv,1559,Training video,-0.0814771442896956,0.0997713779506482,0.113958413531578,0.187357608563815,0.0733260125162948,0.0933012801894796,0.184236032851564,0.168108890179588,0.189060702164636,0.461242335884321,0.244009046499239,0.145636998320212,0.357459907634624,-0.000228472579210637,-0.000579386012892351,98.4915213372981,99.177449168207,-1.79408614443676e-06,0.040257897927171,0.446036184996256,0.121096854162613,0.529778232494509,0.00345575825765491,0.00343164831632243,0.00141444989150526,0.0027887165474564
1559\1559_20250715_2025-07-15-123041-0000DLC_resnet50_Wheel_runningJul16shuffle1_100000_filtered.csv,1559,Training video,-0.755364300170498,0.23197696511411,0.194531777679158,0.210725295451339,0.145974346813204,0.156881123450967,0.201702863947732,0.338754141448303,0.146543896510483,0.467561581449348,0.31493143185626,0.171010457348695,0.483553157355697,-0.00547979326234507,0.00222170353657167,90.8028336254735,93.439365422984,-3.64568118609144e-08,0.119399876626784,0.505698824501167,0.131462365602286,0.46274214556747,0.0187238992237417,0.0209210090550004,0.0100485464341392,0.0103797284307628
1559\1559_20250714_2025-07-14-111408-0000DLC_resnet50_Wheel_runningJul16shuffle1_100000_filtered.csv,1559,Training video,-0.579509491249729,0.21061573047405,0.178144415207904,0.231986322689183,0.143605147130886,0.158096646369885,0.237545040496973,0.317145881987039,0.167067104329444,0.442743794932387,0.318132037825926,0.177908319888616,0.455697051087195,-0.000501186436919207,0.000961459694143772,93.1334886487558,95.8077228115396,-1.04083235120307e-05,0.129459087071325,0.514638098946631,0.129489657121908,0.476053781789211,0.0147962724298602,0.0138957734377582,0.00742705132018109,0.00731139089917716
1559\1559_20250709_2025-07-09-122508-0000DLC_resnet50_Wheel_runningJul16shuffle1_100000_filtered.csv,1559,Training video,-0.153137536470384,0.1356969898981,0.143728036875041,0.200027093926566,0.104152569890233,0.130521843284688,0.224445646146688,0.221292661394621,0.208145299664863,0.428025156943741,0.233591957129481,0.159072740940608,0.409987759378758,-0.00112962556843342,-0.000487115986819214,97.2621098214717,98.3173425200019,7.3814082018466e-07,0.0451346111029034,0.592933412683374,0.212677253200886,0.597495707955411,0.00590801526103125,0.00620583074421675,0.00290571322783689,0.00381525781161963
1559\1559_20250713_2025-07-13-130845-0000DLC_resnet50_Wheel_runningJul16shuffle1_100000_filtered.csv,1559,Training video,-0.471114364918562,0.186617280456226,0.180089381508208,0.213946364826122,0.153839863193276,0.147357964793186,0.204790734865714,0.317316263492566,0.153689402383856,0.425779758069301,0.317487758948507,0.155602951090907,0.429016273725302,-0.00171879476028021,0.000786380735797355,94.6238767229058,96.620311806936,-5.67222464693998e-07,0.0669717556198455,0.48228811895532,0.123475008372643,0.500844435071695,0.0119186476318772,0.0098897668840663,0.0056020108097452,0.005618438993938
1559\1559_20250711_2025-07-11-115857-0000DLC_resnet50_Wheel_runningJul16shuffle1_100000_filtered.csv,1559,Training video,-0.286265047935136,0.144221100186182,0.141404032987742,0.205635617145563,0.135101192042642,0.146141011505894,0.210849792427035,0.265021930740922,0.200726097191362,0.449950326826379,0.256878491412848,0.178630174874387,0.42734103047506,-0.000409085098222989,-0.000405411618177407,95.8901310843058,97.7669085678794,-9.04219455381664e-07,0.072019965998391,0.538536027941152,0.126803230435037,0.507229143277958,0.00961884214311399,0.00903043378771534,0.0044620966951064,0.00579418783302278
1559\1559_20250716_2025-07-16-154556-0000DLC_resnet50_Wheel_runningJul16shuffle1_100000_filtered.csv,1559,60 DPI,-0.093516952061699,0.248154491197443,0.252844876914277,0.214664788525082,0.193507806987631,0.192399743765552,0.225122052474521,0.280807177801418,0.21023116403556,0.485158313158629,0.309481363285261,0.158909956008739,0.477881556932371,-0.00482651072124757,0.000544159928989068,98.1404958677686,99.1410315273952,1.82903486844821e-05,0.105923088626674,0.519817175143393,0.130211832739873,0.511252666151937,0.00390266299357208,0.0094811753902663,0.00166054484236302,0.00162993572084481
1559\1559_20250712_save_2025-07-12-155601_h.264DLC_resnet50_Wheel_runningJul16shuffle1_100000_filtered.csv,1559,Training video,-0.264836996848998,0.140326198850255,0.148808534744031,0.197445478472193,0.127137565552809,0.144822430091344,0.20399123616043,0.214311038024284,0.192046935836926,0.430475846617312,0.19231282707629,0.169026868050162,0.426330219958846,-0.000684978423179636,0.00106365616329658,96.4054589478318,97.7817521461589,-7.62340463102404e-08,0.051716764309126,0.510699731489833,0.11442803499947,0.504106920980505,0.00916795069337442,0.00871670702179177,0.00504072198987453,0.00576711424169051
1560\1560_20250712_2025-07-12-172744DLC_resnet50_Wheel_runningJul16shuffle1_100000_filtered.csv,1560,Training video,-0.168552355563203,0.101122159737844,0.127900376417767,0.218028836914243,0.122416558501089,0.14678378447318,0.212037545354451,0.138273336923551,0.178833931981656,0.47665998439526,0.166528834828812,0.168098391545325,0.445521441822106,0.000629281216556901,0.00104218090066373,95.3194366972056,97.5135820770071,9.68791001447091e-07,0.0690232336339957,0.521008451267773,0.0952217195553733,0.55794246395135,0.0151294022357894,0.0146785766136119,0.00916169357611694,0.00900887133131099
1560\1560_20250709_2025-07-09-125003-0000DLC_resnet50_Wheel_runningJul16shuffle1_100000_filtered.csv,1560,Training video,0.0493379592166912,0.0956761868582314,0.288313750266914,0.242463237504019,0.109099294143289,0.222223480818144,0.252964758072922,0.246921219898933,0.273943700179806,0.37162850666156,0.263595502213257,0.262667621689456,0.383992659312344,-0.00268052610711755,-0.00170040041687231,94.9769970038802,97.0067453625632,-2.69993700657645e-06,0.0572841054749949,0.535558495019692,0.324173506520681,0.545396163721722,0.0189508669100673,0.0217587059382112,0.0132860721360861,0.0154226493557524
1560\1560_20250714_2025-07-14-114322-0000DLC_resnet50_Wheel_runningJul16shuffle1_100000_filtered.csv,1560,Training video,-0.655564479824437,0.221490800584557,0.221944122882939,0.254884915529054,0.207006824959446,0.171287942025879,0.244775476217927,0.292063304581606,0.249779261132038,0.584254626792502,0.353221585572068,0.160234288427987,0.551735262226426,-0.000496602078570469,-0.00122598748111377,92.2229832321099,95.5777990493795,-4.12419355009069e-07,0.168900465528159,0.511095177877961,0.112149865038476,0.549130520547452,0.0228660549247425,0.0207865724848165,0.0121880776340111,0.0115774359651439
1560\1560_20250710_2025-07-10-121927-0000DLC_resnet50_Wheel_runningJul16shuffle1_100000_filtered.csv,1560,Training video,-0.00536597951742219,0.13507121384457,0.185160650346488,0.238055907208658,0.0738762450568627,0.247190082771185,0.217942896729835,0.362928431965944,0.25170619231677,0.359180489829178,0.278707863389737,0.23679767562419,0.295187690805,-0.000588285411738924,0.00595896026136227,98.4899583629694,97.9696952744767,5.28960264600231e-06,0.0442305146236997,0.518022116397581,0.131526755595274,0.518420955923414,0.0065052865442863,0.00569811954063407,0.0124591421652854,0.00704073396255065
1560\1560_20250711_2025-07-11-122622-0000DLC_resnet50_Wheel_runningJul16shuffle1_100000_filtered.csv,1560,Training video,-0.0387276763179821,0.126528658841205,0.173741973642697,0.237773688770893,0.13573969137998,0.19983506171046,0.215394634087289,0.172795862037096,0.215720121876432,0.385170675237346,0.202228001411523,0.259148414788414,0.372268629500046,0.00190802246205868,-0.000172739985193786,97.2104972644772,98.6817539815251,4.22935404733344e-06,0.0877845694709619,0.518480082719506,0.197484443797053,0.55702013457538,0.0110232641200058,0.00962709222851762,0.0053087000990308,0.00588502686819163
1560\1560_20250715_2025-07-15-125758-0000DLC_resnet50_Wheel_runningJul16shuffle1_100000_filtered.csv,1560,Training video,-0.0729485220839668,0.340836488409953,0.393095835024988,0.638428794027031,0.513212895576088,0.341720139409243,0.46309164071631,0.375471404210349,0.438150419719835,1.59090285970265,0.891146243819957,0.577831229212726,1.41103014841208,0.00442351087073313,0.000606295416702344,98.4270613604715,99.335158733423,2.37157228511884e-06,0.497566811537303,0.54336935601481,0.181618493858914,0.57966251783758,0.00521179145783267,0.00280860915089517,0.00175684965714991,0.00158057711629875
1560\1560_20250713_2025-07-13-155015-0000DLC_resnet50_Wheel_runningJul16shuffle1_100000_filtered.csv,1560,Training video,-0.383947674131876,0.171441077912734,0.174302326543361,0.232259606745859,0.152253465552986,0.138068744092791,0.226184795179709,0.238396303530414,0.232867463587365,0.532627840514009,0.253429564220751,0.14212947902926,0.478922470107976,-0.00277192413681312,-0.00178296810819571,94.4839680509714,96.8537252169119,2.56301854683374e-06,0.135632246125137,0.52477323173691,0.122791263916085,0.536420234249885,0.016885812088863,0.0170236554528537,0.00811744254612009,0.0102004089353132
1560\1560_20250717_2025-07-17-145702-0000DLC_resnet50_Wheel_runningJul16shuffle1_100000_filtered.csv,1560,60 DPI,-0.0127702548742111,0.134808371215787,0.136938186226443,0.248219544313476,0.152548342748812,0.17032000566349,0.23947658148119,0.106775588507273,0.214339258372703,0.387588756252662,0.112951223533734,0.219149409621017,0.439526441362582,-0.00270102999823755,-0.00108656579850335,99.2381657406428,99.5745442417044,5.11271548435036e-07,0.0553061833089716,0.506042970933175,0.0382569847567655,0.454366955713929,0.00191170369406233,0.00521447688465512,0.00136666476852115,0.00263571062500508
1560\1560_20250717B_2025-07-17-152157-0000DLC_resnet50_Wheel_runningJul16shuffle1_100000_filtered.csv,1560,60 DPI,-0.169329503613531,0.0917803179726925,0.0977638017061183,0.198321157121806,0.119062017025199,0.143843270854471,0.204766700917042,0.0939389055187368,0.16285117442805,0.538367402856444,0.275998416280675,0.17373957721199,0.450252486399658,0.00700857519788912,-0.000404334465469842,95.0693736771968,96.9350160696088,-2.61925059158592e-05,0.038696880022016,0.514158136013949,0.0783227109825872,0.509338295719645,0.0163047738496512,0.0154425021556792,0.00846594026808811,0.00987693031276946
1563\1563_20250709_2025-07-09-131751-0000DLC_resnet50_Wheel_runningJul16shuffle1_100000_filtered.csv,1563,Training video,-0.000613229927895413,0.0742214453998301,0.253406183668976,0.212657645367906,0.0764910806852874,0.173792100535285,0.242911823456845,0.242375222416028,0.271348809404563,0.403942776461839,0.274517442074059,0.261775082257382,0.376864374047343,-0.00136269797880074,-0.00105226806427371,98.4361194557342,98.8509855580009,-4.40432919970929e-07,0.0255228433886059,0.559564697109588,0.300579220632173,0.577552799623567,0.00602419315972947,0.00665070924834134,0.0047149351796816,0.00632138668894279
1563\1563_20250712_2025-07-12-180436-0000DLC_resnet50_Wheel_runningJul16shuffle1_100000_filtered.csv,1563,Training video,-0.0975305007682865,0.138975892556446,0.218101878684978,0.199100270340621,0.199032164751684,0.27818339709521,0.175006879244826,0.201026113941296,0.142326941357882,0.573810428051321,0.199439593601595,0.202956604376112,0.593512657292937,0.00781642899153576,0.000531685109493842,96.0606904231626,98.5621642866501,-7.37195922261917e-07,0.0465738625827891,0.538324331415142,0.0660141701002016,0.486613150479199,0.01242958207782,0.0118564129437967,0.00474911568190751,0.00406131272107952
1563\1563_20250715_2025-07-15-144957-0000DLC_resnet50_Wheel_runningJul16shuffle1_100000_filtered.csv,1563,Training video,-0.121129628716324,0.104871264502397,0.213789137497188,0.221029289769253,0.191783971023151,0.266780524988862,0.200709132378166,0.32438373541699,0.176768291202826,0.633225971227573,0.348712897229211,0.222624188679808,0.622051317589093,0.00473271908105697,-0.000576378104036321,97.7938141056175,99.1696040138452,-6.4050143905647e-06,0.27319927656913,0.53119601451884,0.0818316489296493,0.469875509181393,0.00661300053983678,0.00296910228319202,0.00148455114159601,0.00167508176939443
1563\1563_20250714_2025-07-14-121434-0000DLC_resnet50_Wheel_runningJul16shuffle1_100000_filtered.csv,1563,Training video,-0.0989013860469665,0.0715532281987978,0.153412133668755,0.188906004138313,0.0990160898772819,0.16892397866519,0.176781717730168,0.193695158690364,0.130562359476186,0.556019937247814,0.218077634915914,0.148889101991058,0.532675198538562,0.00214029129656591,-0.000646870506413132,97.9257570557762,99.159598633786,-1.25809100435548e-06,0.1105822546599,0.547159822862042,0.0616991007168881,0.557097522906418,0.00629994607050056,0.00450229608929418,0.00188753248026671,0.00192838816165776
1563\1563_20250717_2025-07-17-103920-0000DLC_resnet50_Wheel_runningJul16shuffle1_100000_filtered.csv,1563,Training video,-0.0422510437941599,0.117891730895127,0.121447772453289,0.193342705957485,0.105475487350091,0.113157174579837,0.155307943811096,0.18282358853142,0.124590897068379,0.465217294878767,0.201400504444567,0.141308452799831,0.406102827695552,0.00115162518493628,-0.000394349019209342,98.9717609455743,99.7716376380112,-8.31685341051357e-07,0.025205692409285,0.575169154805574,0.078051558440006,0.444349151543499,0.00341529500523246,0.00296911632283867,0.000567863777592095,0.000843683326708256
1563\1563_20250711_2025-07-11-130041-0000DLC_resnet50_Wheel_runningJul16shuffle1_100000_filtered.csv,1563,Training video,-0.0478233743308192,0.110502672033779,0.266964377296471,0.184518386725733,0.174650240400423,0.321854260033999,0.169509919284324,0.419829633151966,0.20756735493679,0.335296468206141,0.230106417514437,0.295374196816713,0.412099158860601,0.00416514654019213,0.00439714431798816,98.4864136537166,98.8228909349502,4.91961250654851e-06,0.048490181570939,0.502635983605895,0.105612939139889,0.517011210663627,0.00567407740100307,0.00278463956883,0.00732090725353694,0.0021633355790104
1563\1563_20250713_2025-07-13-164223-0000DLC_resnet50_Wheel_runningJul16shuffle1_100000_filtered.csv,1563,Training video,-0.0959457037589071,0.182918969978468,0.248294744938944,0.268700812773264,0.214654510724478,0.280467719796502,0.187966026356822,0.381037531965849,0.192095764684754,0.524897186922405,0.247166716406492,0.278954468459283,0.598826845240541,0.0044995714693839,0.00258814011302988,97.7041706403666,98.7117458692905,-4.99354268029944e-07,0.11095005747265,0.526961543345023,0.0557982754588716,0.507439277349493,0.00702472610546393,0.0045280795205198,0.00540423189349709,0.00248113946329852
1563\1563_20250710_2025-07-10-143307-0000DLC_resnet50_Wheel_runningJul16shuffle1_100000_filtered.csv,1563,Training video,-0.0113939191103279,0.0768286021588108,0.198362602168615,0.267386624314334,0.19660432421267,0.228280604966815,0.348538431815767,0.217676703252332,0.16880624704687,0.492174658946524,0.329357269935332,0.350754592973804,0.425232304384794,0.00406743075299821,0.000139959131933448,98.9472258085083,99.64814549164,-2.58823535465808e-06,0.052513992078242,0.560857402612257,0.183500819623128,0.456677693523214,0.00579384433924672,0.00219161924799566,0.00155405728494238,0.0012432458279539
1563\1563_20250716_2025-07-16-121443-0000DLC_resnet50_Wheel_runningJul16shuffle1_100000_filtered.csv,1563,Training video,-0.0819028678287231,0.134352148798022,0.195056893806104,0.273023803803533,0.167494187112099,0.204397585456915,0.23264438884439,0.258214520909841,0.164969386086197,0.711033959249754,0.289696814168472,0.22847235842022,0.704050506091519,0.00343978524483936,-0.000671812359886983,98.0564793702891,99.4401440666889,4.4548583974345e-07,0.28454379977536,0.53329059581301,0.0948912604829731,0.472399296102169,0.00718155016919122,0.00446577689995207,0.00124896524681586,0.00158299083608057
1563\1563_20250721_2025-07-21-145127-0000DLC_resnet50_Wheel_runningJul16shuffle1_100000_filtered.csv,1563,60 DPI,-0.0413116646306719,0.0502882839508129,0.183015209905346,0.208184956022707,0.118881607021398,0.193831942548874,0.208370642577212,0.173552252277311,0.117863274550204,0.525118127009266,0.183740666575172,0.124750572161563,0.51015408045527,-0.000358484804227461,-0.000976055214947227,99.2737385986186,99.5930431802605,-9.07131270291698e-07,0.0176048901460717,0.573801204829694,0.103117761851044,0.442334621222847,0.0020693836663679,0.00248457847840987,0.000705172141087151,0.00151579058364528
1563\1563_20250721B_2025-07-21-151745-0000DLC_resnet50_Wheel_runningJul16shuffle1_100000_filtered.csv,1563,60 DPI,-0.345186732952037,0.0673252083445302,0.12163476221084,0.17546642960643,0.156881725316957,0.144526595187831,0.192227282721102,0.314864372305323,0.197040484844788,0.504806389686967,0.29813280347896,0.167202479960626,0.483358200219764,-0.00153675826627229,-0.00290116691380309,94.9822644944596,97.3789120130584,-3.89568968069832e-07,0.0140125207946227,0.572735795685042,0.11218145675295,0.395259336842393,0.0110807671783282,0.0129014031453056,0.00404934551276015,0.00473993156919986
1576\1576_20260629B_2025-06-29-193339-0000DLC_resnet50_Wheel_runningJul16shuffle1_100000_filtered.csv,1576,Training video,-0.089986793454932,0.130366402133257,0.154669680309683,0.232641421842983,0.188854627428197,0.190231266981918,0.208881748655738,0.146029229785573,0.140929309797497,0.551197012050878,0.267728774249598,0.18797577001921,0.456490658862389,0.00532792332168461,0.000669626919388117,97.6371401419014,98.8880322732078,-9.09123198560624e-07,0.0114678976797306,0.538788984523537,0.0642341943905798,0.510797975401637,0.00375935545182873,0.00270215599989314,0.00204188341799834,0.0016373233389183
1576\1576_20260629A_2025-06-29-133605-0000DLC_resnet50_Wheel_runningJul16shuffle1_100000_filtered.csv,1576,Training video,-0.0728803535097818,0.11923091075563,0.167064093895493,0.230742673143105,0.196549252131544,0.194956526650832,0.206750805198792,0.184018544827627,0.138376993423076,0.523735136776167,0.243531794655449,0.189836507279106,0.446043286301282,0.00362458665334874,0.000185036698945287,97.9571414805536,99.1462763788924,-1.30827534013685e-07,0.0226219743160087,0.524957341925936,0.0902967070200464,0.552660636871048,0.00364319652506504,0.00242385608076555,0.00144171256180092,0.00137500092655049
1576\1576_20260628_2025-06-28-160635-0000DLC_resnet50_Wheel_runningJul16shuffle1_100000_filtered.csv,1576,Training video,-0.226665665436366,0.0757984026856683,0.150833165812864,0.234335850798257,0.131253283539999,0.149378915644144,0.196201062159797,0.19994909016147,0.164379409939705,0.455206871340723,0.246438290102939,0.179183509069527,0.421871021102213,-0.00180790644433746,0.000712752776888717,95.0803449323811,96.7354885275794,7.32667142064768e-07,0.0161015224554437,0.529471388547578,0.114833745407258,0.489724221171511,0.00926910803829205,0.00839158182647014,0.00547029326850023,0.00479030542470749
1576\1576_20260627_2025-06-27-160655-0000DLC_resnet50_Wheel_runningJul16shuffle1_100000_filtered.csv,1576,Training video,-0.115813661446316,0.0629384808144655,0.236855089188734,0.231143848628868,0.142971109829569,0.27855486898231,0.181263310927683,0.409688112801815,0.191251618669099,0.3405357135988,0.155535781297594,0.256262962232719,0.454869086316878,0.00291101699552412,0.00941581857520638,96.6148109510249,96.7582541517467,-4.23134791223311e-06,0.00424495826829417,0.512665213301813,0.0670172474920969,0.524332235459204,0.00808145600135337,0.00437730848394282,0.0170263907294104,0.00382750162122536
1576\1576_20260626_2025-06-26-171937-0000DLC_resnet50_Wheel_runningJul16shuffle1_100000_filtered.csv,1576,Training video,-0.329097053050312,0.151012160870775,0.270233277087835,0.264864041525068,0.251907868032886,0.342417136782107,0.222802537688473,0.485141936383189,0.206342328874262,0.248806854432384,0.261069700539584,0.41484033643898,0.295758350614726,0.00560571549589185,0.0185987744559006,94.3008876969603,94.515271811342,3.06762547210245e-06,0.0108078028910114,0.508031684536676,0.199634892708993,0.524755319597894,0.0132298637886482,0.00949648263325644,0.0312772565354549,0.00849384970287829
1576\1576_20250708_2025-07-08-134029-0000DLC_resnet50_Wheel_runningJul16shuffle1_100000_filtered.csv,1576,60 DPI,-0.0571577287418878,0.157045852890736,0.194486729139109,0.198695197611713,0.148396515844402,0.276535635709995,0.154504270661032,0.204717424512924,0.0896287517039786,0.299071202525303,0.210629397401495,0.159346438653451,0.418506381275501,0.00122356501298835,0.00105208791629202,98.3311572970593,99.2063793286675,1.54985650408969e-05,0.0359247730393272,0.485814525511549,0.0593652093521832,0.489339917965542,0.00403831848062063,0.00661919871259621,0.0033171901805098,0.00189011522871153
1575\1575_20260626_2025-06-26-165346-0000DLC_resnet50_Wheel_runningJul16shuffle1_100000_filtered.csv,1575,Training video,-0.237332549917442,0.0927945301222056,0.138611723203921,0.263639702957053,0.109665357526305,0.158143374845605,0.262593769354519,0.257891902522901,0.241783854486578,0.445831723403254,0.209379203392754,0.237157728067272,0.447792918276744,-0.000975233974201353,0.00207049384513354,96.1173996266276,97.3934825247536,2.98013242164136e-06,0.0239609008737152,0.503117070109069,0.167845414258853,0.505859026789768,0.00773526793802333,0.00853085048562044,0.00671912785247851,0.00536427440508543
1575\1575_20260627_2025-06-27-154228-0000DLC_resnet50_Wheel_runningJul16shuffle1_100000_filtered.csv,1575,Training video,-0.102028186258199,0.0711453766431275,0.114345726981135,0.287320657407791,0.090600948201544,0.119264001422329,0.268835975699719,0.176726099803177,0.206007795616022,0.606143059306655,0.265978421170947,0.169955594832412,0.572826701764081,-0.0015547493892056,-4.24738303286155e-05,97.661152527409,98.5554401226887,2.0759243580859e-07,0.00853797514224755,0.567983444446446,0.0977051329006748,0.49838796008537,0.00381309008710742,0.0039805311687768,0.00221859433211939,0.00154883000544184
1575\1575_20260628_2025-06-28-154022-0000DLC_resnet50_Wheel_runningJul16shuffle1_100000_filtered.csv,1575,Training video,-0.17211810900885,0.0972855688812307,0.127123344217471,0.272099792657334,0.119436116247409,0.135442710136645,0.240422637934615,0.193358087750369,0.202688614367019,0.606830128470818,0.304565779716142,0.153289860866662,0.547748994696233,-0.000614430799235805,0.000712196511603015,96.3991608359541,97.921387601313,7.01928911642836e-07,0.01067339666322,0.553664806191613,0.0918772753073004,0.495276569843019,0.00521611531245104,0.00511293940517179,0.00280103481613671,0.00231954724883354
1575\1575_20260629A_2025-06-29-131051-0000DLC_resnet50_Wheel_runningJul16shuffle1_100000_filtered.csv,1575,Training video,-0.178678703398134,0.112934849458663,0.14685495061613,0.253820103326681,0.138493997987214,0.162313230996822,0.232577548651197,0.253174553361438,0.236964462267673,0.589492591756445,0.316528707747774,0.146954626249441,0.509780273084212,0.00102926672070154,0.000381336835982809,96.7168244565505,98.0789427951855,-3.27363305048799e-07,0.0127465806538635,0.550862205070477,0.111187388940413,0.548537075116941,0.00449568942719628,0.00420479187602475,0.00221006581084859,0.00227051205524787
1575\1575_20260629B_2025-06-29-190900-0000DLC_resnet50_Wheel_runningJul16shuffle1_100000_filtered.csv,1575,Training video,-0.281536809266961,0.0968150431105589,0.149045361191167,0.259651365821172,0.162050169303267,0.171065275614515,0.244804549082378,0.244474485272012,0.23638290624224,0.59505076419745,0.309950271776862,0.136786266008875,0.535096838692,0.00152963515969886,0.000845995326319442,94.1913835735278,96.8984915712195,5.11078658434952e-07,0.014549993579654,0.537158197744691,0.103865912962591,0.54686360926813,0.0095924911049709,0.00940904904399934,0.0037567405403133,0.00359622873696319
1575\1575_20260630_2025-06-30-160157-0000DLC_resnet50_Wheel_runningJul16shuffle1_100000_filtered.csv,1575,60 DPI,-0.159567624481889,0.221652990668734,0.150249965014683,0.268153135157026,0.231007335058147,0.215564949959369,0.248485929024577,0.286353981464237,0.256454553821562,0.637882274653089,0.380407425799192,0.139967872360003,0.560513387342546,0.000603981346426459,0.000375390691942978,98.3151286981531,98.9990143644266,4.95190444976742e-07,0.0170820984031681,0.52226540862795,0.114900630334677,0.590950973151079,0.00285187997867149,0.00282764303834284,0.00197935012683999,0.00181777052464897
1578\1578_20260626_2025-06-26-181738-0000DLC_resnet50_Wheel_runningJul16shuffle1_100000_filtered.csv,1578,Training video,-0.161455472530365,0.119362419505874,0.201988514891048,0.243454505976634,0.0862096165260671,0.175914645547064,0.241787725714678,0.165746050971714,0.198415531552924,0.59088041039841,0.217674362798159,0.177986003472985,0.539831667465905,-0.00215228600158323,-0.000507246073034971,95.976624421976,97.963466419167,3.79181012777107e-06,0.0132383172905911,0.548654690338545,0.176584756981106,0.508363575518069,0.0112114068878284,0.0110553506747378,0.00552767533736889,0.00708823746827541
1578\1578_20260627_2025-06-27-163707-0000DLC_resnet50_Wheel_runningJul16shuffle1_100000_filtered.csv,1578,Training video,-0.0592009776183272,0.101622973274316,0.120887940912995,0.260036845606144,0.18107415357239,0.163370040615818,0.207956430858818,0.160186375888811,0.160183559215567,0.701050722314922,0.276669834726825,0.228985071139913,0.619643220191637,0.00138697320951752,-0.000439058658236719,98.6604147634878,99.2839625037432,-3.11053639746488e-07,0.0110183906216341,0.513344405064469,0.0722064456288814,0.519183167931679,0.00241458912184009,0.00172849707937061,0.00113337856739433,0.00107652011083608
1578\1578_20260628_2025-06-28-163309-0000DLC_resnet50_Wheel_runningJul16shuffle1_100000_filtered.csv,1578,Training video,-0.0844501649028883,0.0971142492126127,0.132147292479984,0.248916608340246,0.137940530189412,0.140573141329911,0.198318376567853,0.223331902000767,0.172855346389946,0.666097514167947,0.338315681369861,0.240966635552132,0.577124556789302,0.00221905549173078,-0.000432801822323479,98.0062030075188,99.0225563909774,-5.31582874167242e-07,0.0145055221702192,0.541157794983065,0.093352903252845,0.464055309108728,0.00324436090225564,0.00262781954887218,0.0012406015037594,0.00119548872180451
1578\1578_20260629A_2025-06-29-140137-0000DLC_resnet50_Wheel_runningJul16shuffle1_100000_filtered.csv,1578,Training video,-0.089712344916428,0.148689257626068,0.136876765926783,0.255915746609705,0.19434886974142,0.155564790245029,0.179557882833821,0.166564762020569,0.156193726088871,0.662924536995593,0.311952652204961,0.256390823795182,0.567497433150808,0.00350342314039037,-0.000147273996576379,97.7979877478896,98.9164941861125,2.33041520504653e-07,0.0214115935206314,0.521769657545909,0.0849152099815784,0.466324137821729,0.00305356798256401,0.00293626859289922,0.00186543868079809,0.00158164983483489
1578\1578_20260629B_2025-06-29-181710-0000DLC_resnet50_Wheel_runningJul16shuffle1_100000_filtered.csv,1578,Training video,-0.0947149049467278,0.145476012174072,0.134950193512679,0.23931004071452,0.164079011121944,0.151347218254613,0.185602420621279,0.195859959879237,0.166905154515174,0.646961878645313,0.309391647969122,0.197172524058409,0.585932036258248,0.00163509487037413,-0.000555725892993995,97.883710257937,98.9574049281485,-6.46526771029957e-07,0.0175341732652398,0.55553867508785,0.0890441565861914,0.478284963205622,0.00293170604052809,0.00295066921025983,0.00164979576666199,0.00134259241700769
1578\1578_20250713_2025-07-13-161517-0000DLC_resnet50_Wheel_runningJul16shuffle1_100000_filtered.csv,1578,Training video,-0.0545264215254073,0.325774435177383,0.224638937785084,0.296282726553246,0.258519285868987,0.191547988303821,0.216259570469175,0.159577746890745,0.286642801107296,0.667296816966101,0.506544210545232,0.224272822103557,0.559249197286246,0.00484894000865304,-0.00146416437469661,98.2673009200953,99.1649353045459,-2.93704759872854e-06,0.207408473624981,0.485835041997419,0.116787071188293,0.459960849736131,0.00794955920456277,0.00424350839476661,0.00218993911487955,0.00403494276477808
1578\1578_20250718_2025-07-18-142224-0000DLC_resnet50_Wheel_runningJul16shuffle1_100000_filtered.csv,1578,60 DPI,-0.0364351145411776,0.170027589496013,0.155483195196969,0.211387615831177,0.104767510354818,0.271141432366184,0.151470156404986,0.139662393772234,0.180437283790628,0.629457848781984,0.309644653800643,0.0486698843672403,0.405952923902922,-0.0019051455039774,-0.00302253233546891,98.9222248784764,99.130608016575,4.71134086401316e-07,0.00541021722221363,0.561770736025744,0.0456630226253088,0.494884799249738,0.00151406486572635,0.00650251016017213,0.00160969001514065,0.00541078970435891
1579\1579_20260626_2025-06-26-174948-0000DLC_resnet50_Wheel_runningJul16shuffle1_100000_filtered.csv,1579,Training video,-0.133204685630376,0.0845790108856717,0.225421004986687,0.25903648894575,0.116733211105579,0.266061007946465,0.234734413915243,0.376503799345364,0.232575802521531,0.43821908509849,0.211337286498994,0.313501884290742,0.444134324754482,0.00535313417371788,0.0118392529598133,94.8767642216646,95.8553777791986,-3.90357120057001e-06,0.0212909243165544,0.509512921219797,0.137610528025836,0.50837137890319,0.0186531975768425,0.0140977894282563,0.0214423860748366,0.00929463101193996
1579\1579_20260627_2025-06-27-171609-0000DLC_resnet50_Wheel_runningJul16shuffle1_100000_filtered.csv,1579,Training video,-0.0627394058699361,0.0557453502741768,0.236803162683538,0.247896300836679,0.0944587531640142,0.27117894630388,0.196132834814306,0.439666627512816,0.136541000653687,0.381256173220585,0.127066622482346,0.207980056105472,0.53528138745966,0.003021693758504,0.00681253069146405,97.0408575435174,97.775355912569,-2.73481716606025e-07,0.0067075008268331,0.51222813375914,0.0560978377630176,0.522765248155978,0.00876444227662104,0.00559018992165351,0.0114052068408377,0.00283129591805628
1579\1579_20260628_2025-06-28-165902-0000DLC_resnet50_Wheel_runningJul16shuffle1_100000_filtered.csv,1579,Training video,-0.0401469589209502,0.0544572310584828,0.214336116181587,0.248307641606239,0.123918545907949,0.241987030398267,0.201899910168651,0.388389486478972,0.180032945793659,0.304447655382729,0.148153987922644,0.223660545323729,0.480325881837496,0.00465643992418042,0.00518636759321281,98.3069526289343,98.6114917850563,-1.65498089216887e-06,0.00391263220639129,0.522803905067264,0.0221742152356588,0.519771314442983,0.00479649170892147,0.00220790888188449,0.00761728564250148,0.00161786426689812
1579\1579_20260629A_2025-06-29-142420-0000DLC_resnet50_Wheel_runningJul16shuffle1_100000_filtered.csv,1579,Training video,-0.0350531665251619,0.0754420634711201,0.251474815930854,0.277358047412393,0.172231340353618,0.252935692072276,0.214535074370311,0.342125813311008,0.138217887808335,0.462335989699862,0.163393712270469,0.197610051261021,0.535709543904799,0.00761491403080965,0.00143818961384513,98.0700797522379,99.0520124948987,-6.73647943945172e-07,0.00700815037349713,0.516693909746359,0.0386445944553187,0.520982278177134,0.00549989129895838,0.00213206604446445,0.00358904140937575,0.00160572415871115
1579\1579_20260629B_2025-06-29-184336-0000DLC_resnet50_Wheel_runningJul16shuffle1_100000_filtered.csv,1579,Training video,-0.0690116678984463,0.0757356788652818,0.209765742151216,0.272724428393212,0.174104642278446,0.215338442084619,0.229441928505295,0.246186765456112,0.147437341805953,0.556518997638547,0.187175313588475,0.191542782789745,0.567721481961312,0.00555679124296851,-0.00039370746216926,97.8993504680724,98.7979006532542,9.23851457422777e-07,0.00933317419749442,0.522242194457207,0.0453246490419482,0.520182237677605,0.00584764847108745,0.00257951648024418,0.0028437959464741,0.00178667808155441
1579\1579_20250713_2025-07-13-145337-0000DLC_resnet50_Wheel_runningJul16shuffle1_100000_filtered.csv,1579,60 DPI,-0.0210214372373223,0.327989286771502,0.228303510106322,0.261194882974385,0.162948193471758,0.251834638381444,0.201903517010098,0.26550857556618,0.160738932819194,0.638667877649736,0.265324043238934,0.365552873397702,0.622614917232535,-0.00479443135676484,-0.00116165677898608,97.954095673954,99.4893936114289,-3.7377841745609e-06,0.200795266107052,0.495792203554707,0.0937910214368272,0.538844610428392,0.00575929991650948,0.0138918952348557,0.00110547635981323,0.00196357339435357
1778\1778_20260413_2026-04-13-143402-0000DLC_resnet50_Wheel Running ProjectAug6shuffle1_100000_filtered.csv,1778,Training video,-0.117622295324553,0.122303094146668,0.14993557386814,0.215504179645809,0.149754607131759,0.192116494478348,0.186314853857071,0.30748062223825,0.151697095221527,0.432966287498791,0.201835687733293,0.202911755224734,0.394770723770509,0.000632198973062209,0.000970981843023273,98.0496802382716,98.4839665573077,-6.91142597375659e-06,0.00589860930352798,0.494709645890924,0.120712342606944,0.531861520034392,0.00371165505042106,0.00400647082835674,0.00565441543322801,0.00419545530139244
1778\1778_20260414_2026-04-14-150621-0000DLC_resnet50_Wheel Running ProjectAug6shuffle1_100000_filtered.csv,1778,Training video,-0.230030803261711,0.133907007902625,0.116755266900756,0.24100818558436,0.125470857390678,0.159378590604666,0.211228640032086,0.22107343520466,0.129894640867657,0.566668189935318,0.204720419447742,0.180185780788372,0.476145029888853,0.00132450331125828,-0.00132406102329339,96.4773420811718,98.2380988709185,-2.4182676997285e-06,0.00770582032782575,0.513709396725334,0.0858006369835693,0.469808613670867,0.00620994812328349,0.00803326212999695,0.00401281660054928,0.00411199267622826
1778\1778_20260415_2026-04-15-150900-0000DLC_resnet50_Wheel Running ProjectAug6shuffle1_100000_filtered.csv,1778,Training video,-0.348032497625242,0.119413858153584,0.126223172123781,0.223955645079585,0.119832063258106,0.149652131427947,0.208946314177044,0.252591568524063,0.133754349510983,0.520825891220192,0.215198535234841,0.162279798251748,0.44452491288725,-6.97347209175956e-05,-0.0025142802323211,94.8010888586428,97.2860198327824,7.0118762903703e-07,0.0110781342392494,0.519428692925495,0.107510104541733,0.44913332498111,0.00847754229049193,0.0108652537429516,0.00486097608399767,0.00598094497375073
1778\1778_20260416_2026-04-16-134335-0000DLC_resnet50_Wheel Running ProjectAug6shuffle1_100000_filtered.csv,1778,Training video,-0.72416693014667,0.120759072575564,0.128925517188841,0.220628284329308,0.117024958120052,0.145911256670227,0.20261346627825,0.242818543223655,0.145457757609574,0.509117860235873,0.207195509207734,0.132930155544144,0.430136944274986,-0.00132381308599743,-0.00468821939745764,89.684454126746,94.1417468848702,8.89820564984681e-07,0.00745806838917061,0.513153081992075,0.129434009940375,0.494010313014226,0.0176392103061232,0.0241596876201389,0.0105759880596115,0.0119328503908517
1778\1778_20260417_2026-04-17-162343-0000DLC_resnet50_Wheel Running ProjectAug6shuffle1_100000_filtered.csv,1778,Training video,-0.928777183951292,0.139946142785184,0.130434805626406,0.242943130286694,0.125523883326123,0.1581930995962,0.218432273935667,0.296155619786949,0.106664241239119,0.526499970401997,0.223778318493455,0.168661886765204,0.447394450654086,0.00426947304420136,-0.00577762056361277,87.86206408937,93.2776080005656,-7.52700359899371e-07,0.0122782296725163,0.526938029910938,0.20771023485672,0.481595085530893,0.0194750610805163,0.0273939241580316,0.0110298450008249,0.0137087461014526
1778\1778_20260421_2026-04-21-183832-0000DLC_resnet50_Wheel Running ProjectAug6shuffle1_100000_filtered.csv,1778,60 DPI,-0.725541328593004,0.125790348915766,0.0955166029171667,0.200020247039032,0.13379559088371,0.12414934711325,0.190516530081326,0.181026022970594,0.13642647754977,0.483289591393621,0.208916473513899,0.0898273663412334,0.463701807570203,0.00360819364262357,0.00641728759282375,89.0175378852375,92.0820240546105,-1.73244941295082e-06,0.00691293276620211,0.530962038125569,0.109603830506034,0.515750149212805,0.0182654056313174,0.0247124746528799,0.0153785427921304,0.0144807516678792
1778\1778_20260724_2026-07-24-152702-0000DLC_resnet50_Wheel Running ProjectAug6shuffle1_100000_filtered.csv,1778,150 DPI,-0.431042504682028,0.0942892360440009,0.0971266996118845,0.229993025554383,0.152976874699926,0.1256757015554,0.213667565887906,0.223036073489616,0.12899524120619,0.501954887225938,0.196928912334226,0.105029238446466,0.476089707957569,-0.00133170073377597,0.00378468013983626,93.2391666666667,95.2304166666667,-2.56716089290652e-06,0.00559662873163002,0.514264401808647,0.0906694426145619,0.448507673314906,0.0116333333333333,0.01385,0.012925,0.00741666666666667
1778\1778_20260724_2026-07-24-152702-0000DLC_resnet50_Wheel Running ProjectAug6shuffle1_100000_filtered.csv,1778,LDOPA,-0.500818583948014,0.114948438122447,0.0886237212468136,0.232705059908152,0.142625444299315,0.108491432704435,0.216375216946041,0.193416901634013,0.126338731245468,0.449930777312238,0.212102161828918,0.111434590851759,0.401898815396568,-0.00173202349056861,0.00685287002419175,92.3767301939151,94.7283772635228,-7.8830529299193e-07,0.00767898885719538,0.529154111806302,0.140967248948014,0.507178715874356,0.012333230556412,0.0128915592370064,0.0127332272231065,0.00919159007008275
1564\1564_20250709_2025-07-09-134234-0000DLC_resnet50_Wheel Running ProjectAug6shuffle1_100000_filtered.csv,1564,Training video,0.00808432319703077,0.0638186891030464,0.134021076393079,0.283423325292081,0.115685473148095,0.196743863445983,0.233444266762707,0.156516039980397,0.191349037813343,0.490287204875108,0.159669831986887,0.250625799773055,0.450182700159293,0.0121736196060235,0.00535733507771035,97.2515075686098,99.0843828198712,-1.62215777241973e-06,0.0628411530111809,0.464677197620484,0.10638472735907,0.495490167461054,0.0159658694671206,0.00714608032161464,0.00587438979365796,0.00180498010419658
1564\1564_20250710_2025-07-10-171626-0000DLC_resnet50_Wheel Running ProjectAug6shuffle1_100000_filtered.csv,1564,Training video,-0.0472921560149728,0.189807090430734,0.201245701062485,0.359868463500149,0.224806583522629,0.253461586726319,0.361795894523519,0.237673700520086,0.222794830747752,0.508062208126517,0.265545640812668,0.219494036042813,0.528431980313215,0.0092631201555673,-0.000330239708478062,95.4767344083701,98.0202108897703,-3.70382043537222e-06,0.0867813333601527,0.518098474571347,0.208340202371601,0.49815695557967,0.0188119032913389,0.0149274833870356,0.00699493239472255,0.00761257004234166
1564\1564_20250711_2025-07-11-133013-0000DLC_resnet50_Wheel Running ProjectAug6shuffle1_100000_filtered.csv,1564,Training video,-0.0457739794719007,0.436631441645296,0.352086690820827,0.445032648551507,0.240149681346261,0.345390226078301,0.293667371065362,0.489718852320812,0.201360326217222,0.604058143658304,0.385553417410983,0.272338902652239,0.518455529388567,0.00911613457797354,-0.00407529737165383,96.0792268571511,98.4837069127896,5.77468329351325e-07,0.0780489046499286,0.517278388966962,0.153404253432693,0.519309889931309,0.0177854731442978,0.0125983453352073,0.00445542402596462,0.00828056855557326
1564\1564_20250712_2025-07-12-183333-0000DLC_resnet50_Wheel Running ProjectAug6shuffle1_100000_filtered.csv,1564,Training video,-0.0169721229911541,0.184895491207627,0.231485022784025,0.223535387702742,0.2337974236048,0.322051286558384,0.191550510844487,0.168673472524869,0.19264705505393,0.336562598586446,0.194751752201646,0.258470793937973,0.355273990938313,-0.00613062862058846,-0.00353167470753322,95.7847191738096,97.6919344777395,1.66152647483498e-06,0.0671046441543309,0.501804175574616,0.157178538662415,0.514589245828043,0.0154641160116751,0.0206239555175627,0.00773975925883141,0.0123605110551487
1564\1564_20250713_2025-07-13-170755-0000DLC_resnet50_Wheel Running ProjectAug6shuffle1_100000_filtered.csv,1564,Training video,-0.0483275345054603,0.198490924261302,0.244825347724013,0.340161217107387,0.288097671365892,0.282782140400614,0.298762964046058,0.282294753254023,0.275330776304459,0.517706397398183,0.272205433013309,0.271610416423259,0.524034404843443,-0.00415747357328687,-2.02508677496971e-05,96.4253677433695,97.9999364933199,4.56544238804723e-06,0.223066608638161,0.4855278004388,0.156604538637517,0.510467955159439,0.011915440855435,0.0181946638512038,0.00781132165339642,0.00828762175421327
1564\1564_20250714_2025-07-14-123836-0000DLC_resnet50_Wheel Running ProjectAug6shuffle1_100000_filtered.csv,1564,Training video,0.00285717990844149,0.134523335336783,0.190697817171301,0.297322545562868,0.232835227614993,0.303048135211442,0.251350860597913,0.168623171153584,0.20867475261528,0.365575460116191,0.0854431416801698,0.271237121937499,0.379847375626401,-0.000343188134061035,0.00872240902266836,96.7689154928437,97.9251885271795,-8.363113309604e-06,0.16447720123229,0.489675786496443,0.0647055305941224,0.48183476977373,0.0138752764120301,0.0147662748973327,0.0130733777752578,0.0058481900580769
1564\1564_20250715_2025-07-15-151401-0000DLC_resnet50_Wheel Running ProjectAug6shuffle1_100000_filtered.csv,1564,Training video,-0.0163807593147273,0.318174195630997,0.338195667681773,0.451879566273458,0.441743117669689,0.591014358941224,0.328651763712468,0.179785654939369,0.217203440120972,0.391660704147587,0.065668946092711,0.264749250161419,0.463629357923339,6.09375238037009e-05,0.00356722648141075,97.4632328376603,99.0630962367946,7.42864815531046e-06,0.176683839782079,0.507494055765848,0.0516658007718486,0.552331067123266,0.011306691215228,0.0120416632640183,0.00555312214641534,0.00304382363640413
1564\1564_20250716_2025-07-16-124626-0000DLC_resnet50_Wheel Running ProjectAug6shuffle1_100000_filtered.csv,1564,Training video,-0.015156063654871,0.0857341314138843,0.227648402714681,0.211954576436489,0.277177080238543,0.19329108919272,0.165101490611299,0.402809274840397,0.188350334926478,0.119382537984907,0.18685784065354,0.127227576305292,0.187578371003483,-0.00628337684543041,-0.00522017858505681,98.1424765975379,98.5988622339945,-8.85359516581415e-06,0.0914213451659571,0.502668267519342,0.0782373781336945,0.562066929199763,0.00505673780212503,0.0122204496884688,0.00463534298528128,0.0105047707913193
1564\1564_20250717_2025-07-17-110453-0000DLC_resnet50_Wheel Running ProjectAug6shuffle1_100000_filtered.csv,1564,60 DPI,-0.00608367744266145,0.323231420027436,0.210531356631445,0.391157595581852,0.304129210005026,0.320584635796007,0.275477595548426,0.391155517902588,0.142558248210809,0.204708016951298,0.0878871300537139,0.214745836195853,0.507745793689802,0.00204097556167893,0.00181538549404999,99.0518300371783,99.7091627956167,-7.55607025326928e-07,0.103293265959579,0.500668207197449,0.0467389050400125,0.505849260386827,0.00549946713742973,0.00381545870925228,0.00253008029547433,0.000577606755558448
1564\1564_20251009_2025-10-09-152123-0000DLC_resnet50_Wheel Running ProjectAug6shuffle1_100000_filtered.csv,1564,150 DPI,-0.0190866465463949,0.178832924825226,0.124771256225963,0.20294752243406,0.13919324816904,0.0763137360944503,0.131640870387599,0.318870795195315,0.130638244212116,0.497535695491193,0.140899460287462,0.224181650371841,0.413193177367996,0.00349494660964972,-0.00130825289534818,99.1908333333333,99.3691666666667,5.6863867674125e-07,0.00303356940847283,0.502304455207154,0.188570079078169,0.580671059332004,0.005425,0.00190833333333333,0.00250833333333333,0.00395
1564\1564_20251009_2025-10-09-152123-0000DLC_resnet50_Wheel Running ProjectAug6shuffle1_100000_filtered.csv,1564,LDOPA,-0.720968667978282,0.184347811316408,0.170044585699912,0.220770935758304,0.197138947015581,0.14080505566516,0.237628416382028,0.321421812702029,0.201499464815584,0.538745733258483,0.244815740679366,0.173412421809667,0.453346622624544,0.00382729053567763,-0.00852303869623992,87.4196881692652,91.2225731452238,5.91387704690618e-06,0.00678320654957497,0.502254881190616,0.482996540623176,0.586758399662064,0.0284830959742002,0.024933125557287,0.0176665194456713,0.0271914400713327
